"Key","SourceKind","CallCount","TemplateCount","ExampleUses","Status"
"02CH","item","1","1","305232 Box of Things and Garbage (OnUse, requested QL 160)","No capture and no unique client-data inference"
"0BHC","item","121","1","305229 Box of Things and Garbage (OnUse, requested QL 180) | 305229 Box of Things and Garbage (OnUse, requested QL 181) | 305229 Box of Things and Garbage (OnUse, requested QL 182)","No capture and no unique client-data inference"
"0H1F","item","1","1","289644 TESTLIVE ITEM: Tier Armor Dispenser (OnUse, requested QL 160)","No capture and no unique client-data inference"
"0HUG","item","1","1","304956 Spoils of War (OnEnter, requested QL 1)","No capture and no unique client-data inference"
"0L4L","item","2","1","286561 Silver Chest of the Collector (OnUse, requested QL 300) | 286561 Silver Chest of the Collector (OnUse, requested QL 300)","No capture and no unique client-data inference"
"0NOM","item","1","1","289645 TESTLIVE ITEM: Tier Armor Dispenser (OnUse, requested QL 220)","No capture and no unique client-data inference"
"0RI1","item","4","4","295830 NPE Playfield Item (OnUse, requested QL 1) | 304365 Clans (OnEnter, requested QL 1) | 304366 Neutral (OnEnter, requested QL 1)","No capture and no unique client-data inference"
"12KL","item","1","1","305226 Box of Things and Garbage (OnUse, requested QL 255)","No capture and no unique client-data inference"
"14JJ","item","5","2","303742 Sealed Symbiant and Spirit Package (OnUse, requested QL 215) | 304005 Sealed Symbiant and Spirit Package (OnUse, requested QL 215) | 304005 Sealed Symbiant and Spirit Package (OnUse, requested QL 215)","No capture and no unique client-data inference"
"1BX9","item","1","1","286458 City Resettlement Beacon (OnUse, requested QL 300)","No capture and no unique client-data inference"
"1DUC","item","1","1","305232 Box of Things and Garbage (OnUse, requested QL 100)","No capture and no unique client-data inference"
"1IZO","item","1","1","304060 Gift of the Hollow Reaper (OnUse, requested QL 1)","No capture and no unique client-data inference"
"1M9F","item","1","1","305232 Box of Things and Garbage (OnUse, requested QL 100)","No capture and no unique client-data inference"
"25EN","item","1","1","296571 2560-Bit Encryption Compiler (OnTerminate, requested QL 1)","No capture and no unique client-data inference"
"25NC","item","8","2","303434 Temple Explorer Pack (OnUse, requested QL 60) | 303434 Temple Explorer Pack (OnUse, requested QL 60) | 303434 Temple Explorer Pack (OnUse, requested QL 60)","No capture and no unique client-data inference"
"26FA","item","1","1","289645 TESTLIVE ITEM: Tier Armor Dispenser (OnUse, requested QL 220)","No capture and no unique client-data inference"
"29S5","item","1","1","290621 Standard Lottery Ticket (OnUse, requested QL 300)","No capture and no unique client-data inference"
"35NC","item","46","8","303435 Biomare Explorer Pack (OnUse, requested QL 100) | 303435 Biomare Explorer Pack (OnUse, requested QL 100) | 303435 Biomare Explorer Pack (OnUse, requested QL 100)","No capture and no unique client-data inference"
"3AGG","item","1","1","286458 City Resettlement Beacon (OnUse, requested QL 300)","No capture and no unique client-data inference"
"3F9O","item","4","4","218012 Chosen Keeper Cuirass (OnUse, requested QL 221) | 218013 Chosen Keeper Cuirass (OnUse, requested QL 301) | 267789 Knight Armor (OnUse, requested QL 221)","No capture and no unique client-data inference"
"3NNM","item","4","2","304490 Backyard Explorer Pack (OnUse, requested QL 1) | 304490 Backyard Explorer Pack (OnUse, requested QL 1) | 304573 Backyard Explorer Pack (OnUse, requested QL 1)","No capture and no unique client-data inference"
"3QD4","item","220","1","305233 Box of Things and Garbage (OnUse, requested QL 148) | 305233 Box of Things and Garbage (OnUse, requested QL 147) | 305233 Box of Things and Garbage (OnUse, requested QL 146)","No capture and no unique client-data inference"
"41D5","item","1","1","289643 TESTLIVE ITEM: Tier Armor Dispenser (OnUse, requested QL 100)","No capture and no unique client-data inference"
"43H8","item","1","1","289644 TESTLIVE ITEM: Tier Armor Dispenser (OnUse, requested QL 160)","No capture and no unique client-data inference"
"4C0K","item","1","1","304060 Gift of the Hollow Reaper (OnUse, requested QL 250)","No capture and no unique client-data inference"
"5BJG","item","1","1","289645 TESTLIVE ITEM: Tier Armor Dispenser (OnUse, requested QL 220)","No capture and no unique client-data inference"
"5D6N","item","2","2","236635 Soul Capsule (OnUse, requested QL 1) | 238946 Soul Capsule (OnUse, requested QL 300)","No capture and no unique client-data inference"
"5JHO","item","1","1","289645 TESTLIVE ITEM: Tier Armor Dispenser (OnUse, requested QL 220)","No capture and no unique client-data inference"
"5YCI","item","1","1","304366 Neutral (OnEnter, requested QL 1)","No capture and no unique client-data inference"
"6755","item","1","1","304957 Spoils of War (OnEnter, requested QL 1)","No capture and no unique client-data inference"
"6G03","item","1","1","264061 A Jar (OnUseItemOn, requested QL 1)","No capture and no unique client-data inference"
"6G3G","item","1","1","289645 TESTLIVE ITEM: Tier Armor Dispenser (OnUse, requested QL 220)","No capture and no unique client-data inference"
"7226","item","1","1","289644 TESTLIVE ITEM: Tier Armor Dispenser (OnUse, requested QL 160)","No capture and no unique client-data inference"
"79PQ","item","1","1","304367 Omni-Tek (OnEnter, requested QL 1)","No capture and no unique client-data inference"
"7BOX","item","220","1","305237 Box of Things and Garbage (OnUse, requested QL 148) | 305237 Box of Things and Garbage (OnUse, requested QL 147) | 305237 Box of Things and Garbage (OnUse, requested QL 146)","No capture and no unique client-data inference"
"7LEH","item","4","1","286438 Bronze Chest of the Collector (OnUse, requested QL 300) | 286438 Bronze Chest of the Collector (OnUse, requested QL 300) | 286438 Bronze Chest of the Collector (OnUse, requested QL 300)","No capture and no unique client-data inference"
"7PKS","item","1","1","303096 Gift of Palmiero (OnUse, requested QL 300)","No capture and no unique client-data inference"
"7RZF","item","1","1","286458 City Resettlement Beacon (OnUse, requested QL 300)","No capture and no unique client-data inference"
"7UBZ","item","2","2","300437 Broken Shadow Crystal (OnUse, requested QL 1) | 300438 Broken Shadow Crystal (OnUse, requested QL 500)","No capture and no unique client-data inference"
"8317","item","1","1","289645 TESTLIVE ITEM: Tier Armor Dispenser (OnUse, requested QL 220)","No capture and no unique client-data inference"
"877J","item","4","4","295830 NPE Playfield Item (OnUse, requested QL 1) | 304365 Clans (OnEnter, requested QL 1) | 304366 Neutral (OnEnter, requested QL 1)","No capture and no unique client-data inference"
"88S2","item","1","1","289644 TESTLIVE ITEM: Tier Armor Dispenser (OnUse, requested QL 160)","No capture and no unique client-data inference"
"8D9A","item","2","2","290621 Standard Lottery Ticket (OnUse, requested QL 300) | 300766 Premium Lottery Ticket (OnUse, requested QL 300)","No capture and no unique client-data inference"
"8NNC","item","6","2","303777 Subway Explorer Pack (OnUse, requested QL 25) | 303777 Subway Explorer Pack (OnUse, requested QL 25) | 303777 Subway Explorer Pack (OnUse, requested QL 25)","No capture and no unique client-data inference"
"8PCC","item","1","1","289643 TESTLIVE ITEM: Tier Armor Dispenser (OnUse, requested QL 100)","No capture and no unique client-data inference"
"8PVK","item","1","1","305232 Box of Things and Garbage (OnUse, requested QL 100)","No capture and no unique client-data inference"
"8RZ4","item","1","1","304376 ZZZ (OnUse, requested QL 1)","No capture and no unique client-data inference"
"8UDW","item","1","1","305232 Box of Things and Garbage (OnUse, requested QL 160)","No capture and no unique client-data inference"
"8WVV","item","1","1","305232 Box of Things and Garbage (OnUse, requested QL 100)","No capture and no unique client-data inference"
"8XZ6","item","121","1","305230 Box of Things and Garbage (OnUse, requested QL 180) | 305230 Box of Things and Garbage (OnUse, requested QL 181) | 305230 Box of Things and Garbage (OnUse, requested QL 182)","No capture and no unique client-data inference"
"9960","item","1","1","304369 ZZZ (OnUse, requested QL 1)","No capture and no unique client-data inference"
"9BGT","item","220","1","305221 Box of Things and Garbage (OnUse, requested QL 148) | 305221 Box of Things and Garbage (OnUse, requested QL 147) | 305221 Box of Things and Garbage (OnUse, requested QL 146)","No capture and no unique client-data inference"
"9HA4","item","1","1","303463 Nophex Equipment Voucher (OnUse, requested QL 300)","No capture and no unique client-data inference"
"9JB3","item","1","1","305232 Box of Things and Garbage (OnUse, requested QL 100)","No capture and no unique client-data inference"
"9KCP","item","1","1","289645 TESTLIVE ITEM: Tier Armor Dispenser (OnUse, requested QL 220)","No capture and no unique client-data inference"
"9KJB","item","2","2","300437 Broken Shadow Crystal (OnUse, requested QL 1) | 300438 Broken Shadow Crystal (OnUse, requested QL 500)","No capture and no unique client-data inference"
"9RLO","item","4","4","295830 NPE Playfield Item (OnUse, requested QL 1) | 304365 Clans (OnEnter, requested QL 1) | 304366 Neutral (OnEnter, requested QL 1)","No capture and no unique client-data inference"
"9S0L","item","1","1","289645 TESTLIVE ITEM: Tier Armor Dispenser (OnUse, requested QL 220)","No capture and no unique client-data inference"
"9TRR","item","1","1","289645 TESTLIVE ITEM: Tier Armor Dispenser (OnUse, requested QL 220)","No capture and no unique client-data inference"
"A2EI","item","2","2","300437 Broken Shadow Crystal (OnUse, requested QL 1) | 300438 Broken Shadow Crystal (OnUse, requested QL 500)","No capture and no unique client-data inference"
"A6YP","item","4","4","295830 NPE Playfield Item (OnUse, requested QL 1) | 304365 Clans (OnEnter, requested QL 1) | 304366 Neutral (OnEnter, requested QL 1)","No capture and no unique client-data inference"
"AAAA","item","8","8","156766 A Christmas Gift (OnUse, requested QL 1) | 205842 Christmas Gift (OnUse, requested QL 1) | 274209 Christmas Gift (OnUse, requested QL 1)","No capture and no unique client-data inference"
"AABC","item","143","133","163959 Lootgiver Type 1 (OnWear, requested QL 1) | 163960 Lootgiver Type 1 (OnWear, requested QL 400) | 163961 Lootgiver Type 2 (OnWear, requested QL 1)","No capture and no unique client-data inference"
"AAIQ","item","1","1","301795 Sealed Santa Hat (OnUse, requested QL 1)","No capture and no unique client-data inference"
"AANC","item","1","1","302080 Sealed Profession Nanodeck (OnUse, requested QL 1)","No capture and no unique client-data inference"
"AAPC","item","1","1","303203 A Parcel for Palmiero (OnTerminate, requested QL 1)","No capture and no unique client-data inference"
"AAST","item","1","1","273043 TESTLIVEITEM: StarterPack (OnUse, requested QL 1)","No capture and no unique client-data inference"
"ACCT","item","1","1","224180 Joshua Khan's Heirloom (OnUse, requested QL 150)","No capture and no unique client-data inference"
"ACHO","item","2","2","292325 Movement Mission Collsphere (OnEnter, requested QL 1) | 295829 Checkpoint (OnEnter, requested QL 1)","No capture and no unique client-data inference"
"ACPL","item","1","1","287695 Use Item: Abduction AOE (OnUse, requested QL 1)","No capture and no unique client-data inference"
"ACPW","item","1","1","287981 Empty Power Core Slot (OnUseItemOn, requested QL 1)","No capture and no unique client-data inference"
"ACWE","item","1","1","260659 Dormant Wen-Wen (OnUse, requested QL 205)","No capture and no unique client-data inference"
"ADEX","item","1","1","275378 Anniversary Gift (OnUse, requested QL 1)","No capture and no unique client-data inference"
"ADIM","item","9","9","303740 Sealed Implant and Spirit Package (OnUse, requested QL 1) | 303741 Sealed Implant and Spirit Package (OnUse, requested QL 200) | 303742 Sealed Symbiant and Spirit Package (OnUse, requested QL 215)","No capture and no unique client-data inference"
"ADND","item","1","1","302080 Sealed Profession Nanodeck (OnUse, requested QL 1)","No capture and no unique client-data inference"
"ADRE","item","1","1","265489 Altitude Plate (OnUse, requested QL 1)","No capture and no unique client-data inference"
"ADRP","item","1","1","265661 Altitude Plate (OnUse, requested QL 1)","No capture and no unique client-data inference"
"ADRU","item","1","1","259803 Adenium rutilus (OnUseItemOn, requested QL 1)","No capture and no unique client-data inference"
"AECS","item","1","1","268793 Gift Wrapped Alien Costume (OnUse, requested QL 200)","No capture and no unique client-data inference"
"AECY","item","1","1","301624 Unattuned Augmented Cyberdeck (OnUse, requested QL 200)","No capture and no unique client-data inference"
"AEEG","item","1","1","294555 TESTLIVEITEM: Deluxe Box of Nanocrystals (OnUse, requested QL 10)","No capture and no unique client-data inference"
"AEOR","nano-only","1","1","303085 Sleeping Nightmare (OnTerminate, requested QL 1)","No capture and no unique client-data inference"
"AFOT","nano-only","1","1","275849 Creation: Asp of Titaniush (OnUse, requested QL 215)","No capture and no unique client-data inference"
"AGIM","item","9","9","303740 Sealed Implant and Spirit Package (OnUse, requested QL 1) | 303741 Sealed Implant and Spirit Package (OnUse, requested QL 200) | 303742 Sealed Symbiant and Spirit Package (OnUse, requested QL 215)","No capture and no unique client-data inference"
"AHLE","item","3","1","286429 Box of Stuff (OnUse, requested QL 300) | 286429 Box of Stuff (OnUse, requested QL 275) | 286429 Box of Stuff (OnUse, requested QL 250)","No capture and no unique client-data inference"
"AHRG","item","1","1","236138 Achromic Ring (OnUse, requested QL 1)","No capture and no unique client-data inference"
"AHRI","item","1","1","236138 Achromic Ring (OnUse, requested QL 1)","No capture and no unique client-data inference"
"AHRN","item","1","1","236138 Achromic Ring (OnUse, requested QL 1)","No capture and no unique client-data inference"
"AHSZ","item","2","2","239760 Box of Nanocrystals (OnUse, requested QL 300) | 239761 Box of Nanocrystals (OnUse, requested QL 1)","No capture and no unique client-data inference"
"AICE","item","1","1","268793 Gift Wrapped Alien Costume (OnUse, requested QL 200)","No capture and no unique client-data inference"
"AICS","item","1","1","268793 Gift Wrapped Alien Costume (OnUse, requested QL 200)","No capture and no unique client-data inference"
"AITM","item","1","1","283788 Bomb Kit (OnUse, requested QL 1)","No capture and no unique client-data inference"
"AITX","item","1","1","276666 Red Keycard Fragment - Right (OnUse, requested QL 1)","No capture and no unique client-data inference"
"AJSI","item","1","1","294555 TESTLIVEITEM: Deluxe Box of Nanocrystals (OnUse, requested QL 215)","No capture and no unique client-data inference"
"AJUJ","item","1","1","305240 Box of Things and Garbage (OnUse, requested QL 1)","No capture and no unique client-data inference"
"AKRV","nano-only","1","1","290445 Stop (OnUse, requested QL 1)","No capture and no unique client-data inference"
"ALAD","item","1","1","294555 TESTLIVEITEM: Deluxe Box of Nanocrystals (OnUse, requested QL 10)","No capture and no unique client-data inference"
"ALAG","item","1","1","294555 TESTLIVEITEM: Deluxe Box of Nanocrystals (OnUse, requested QL 10)","No capture and no unique client-data inference"
"ALBU","item","1","1","294555 TESTLIVEITEM: Deluxe Box of Nanocrystals (OnUse, requested QL 10)","No capture and no unique client-data inference"
"ALDO","item","1","1","294555 TESTLIVEITEM: Deluxe Box of Nanocrystals (OnUse, requested QL 10)","No capture and no unique client-data inference"
"ALEN","item","1","1","294555 TESTLIVEITEM: Deluxe Box of Nanocrystals (OnUse, requested QL 10)","No capture and no unique client-data inference"
"ALFI","item","1","1","294555 TESTLIVEITEM: Deluxe Box of Nanocrystals (OnUse, requested QL 10)","No capture and no unique client-data inference"
"ALMA","item","1","1","294555 TESTLIVEITEM: Deluxe Box of Nanocrystals (OnUse, requested QL 10)","No capture and no unique client-data inference"
"ALMT","item","1","1","294555 TESTLIVEITEM: Deluxe Box of Nanocrystals (OnUse, requested QL 10)","No capture and no unique client-data inference"
"ALNA","item","1","1","294555 TESTLIVEITEM: Deluxe Box of Nanocrystals (OnUse, requested QL 10)","No capture and no unique client-data inference"
"ALRP","item","1","1","265488 Altitude Plate (OnUse, requested QL 1)","No capture and no unique client-data inference"
"ALSO","item","1","1","294555 TESTLIVEITEM: Deluxe Box of Nanocrystals (OnUse, requested QL 10)","No capture and no unique client-data inference"
"ALTR","item","1","1","294555 TESTLIVEITEM: Deluxe Box of Nanocrystals (OnUse, requested QL 10)","No capture and no unique client-data inference"
"AMCB","item","17","16","233265 Augmented Cyberdeck (OnUse, requested QL 1) | 233266 Augmented Cyberdeck (OnUse, requested QL 1) | 233428 Augmented Cyberdeck (OnUse, requested QL 1)","No capture and no unique client-data inference"
"AMPL","item","1","1","286435 Box of Stuff (OnUse, requested QL 175)","No capture and no unique client-data inference"
"AMRN","item","1","1","236138 Achromic Ring (OnUse, requested QL 1)","No capture and no unique client-data inference"
"ANAA","item","1","1","295604 Merchant's Strongbox (OnUseItemOn, requested QL 1)","No capture and no unique client-data inference"
"ANCO","item","1","1","224179 Eva Pourais' Heirloom (OnUse, requested QL 150)","No capture and no unique client-data inference"
"ANDL","nano-only","1","1","290608 Alien Defense Reward (OnTerminate, requested QL 1)","No capture and no unique client-data inference"
"ANJR","item","1","1","269492 Shovel X-6000 (OnUse, requested QL 1)","No capture and no unique client-data inference"
"ANMN","item","1","1","259882 Mine Layer (OnUse, requested QL 1)","No capture and no unique client-data inference"
"ANNV","item","1","1","294124 Yuttos' Reinforced Container (OnUse, requested QL 1)","No capture and no unique client-data inference"
"ANPT","item","1","1","214784 Ancient Pattern Analyzer graced by the Faithful (OnUseItemOn, requested QL 1)","No capture and no unique client-data inference"
"AOBX","item","1","1","268696 Gift Wrapped Boxing Gloves (OnUse, requested QL 1)","No capture and no unique client-data inference"
"AOCM","item","1","1","268793 Gift Wrapped Alien Costume (OnUse, requested QL 200)","No capture and no unique client-data inference"
"AOGR","item","1","1","303440 Garden Access Pack (OnUse, requested QL 1)","No capture and no unique client-data inference"
"AOOS","nano-only","1","1","303084 Sleeping Nightmare (OnTerminate, requested QL 1)","No capture and no unique client-data inference"
"AORG","item","1","1","236138 Achromic Ring (OnUse, requested QL 1)","No capture and no unique client-data inference"
"AOSU","item","3","3","206066 Soul Siphon (OnUse, requested QL 1) | 265478 Mineral Sample (OnUseItemOn, requested QL 1) | 267399 Piece of Litter (OnUseItemOn, requested QL 1)","No capture and no unique client-data inference"
"APSZ","item","2","2","239760 Box of Nanocrystals (OnUse, requested QL 300) | 239761 Box of Nanocrystals (OnUse, requested QL 1)","No capture and no unique client-data inference"
"APTN","item","1","1","284433 Alpha Tuning Unit - Inactive (OnUse, requested QL 1)","No capture and no unique client-data inference"
"ARMO","item","190","109","163959 Lootgiver Type 1 (OnWear, requested QL 1) | 163960 Lootgiver Type 1 (OnWear, requested QL 400) | 163961 Lootgiver Type 2 (OnWear, requested QL 1)","No capture and no unique client-data inference"
"AROS","nano-only","1","1","303086 Sleeping Nightmare (OnTerminate, requested QL 1)","No capture and no unique client-data inference"
"ASOF","nano-only","1","1","154983 Creation: Asp of Semol (OnUse, requested QL 116)","No capture and no unique client-data inference"
"AUTN","item","1","1","270412 Gift Wrapped Top Assortment (OnUse, requested QL 1)","No capture and no unique client-data inference"
"AVPI","item","1","1","275378 Anniversary Gift (OnUse, requested QL 1)","No capture and no unique client-data inference"
"AXBV","item","1","1","268696 Gift Wrapped Boxing Gloves (OnUse, requested QL 1)","No capture and no unique client-data inference"
"AZCO","nano-only","1","1","154981 Creation: Azure Cobra of Orma (OnUse, requested QL 198)","No capture and no unique client-data inference"
"AZKD","item","1","1","289644 TESTLIVE ITEM: Tier Armor Dispenser (OnUse, requested QL 160)","No capture and no unique client-data inference"
"B0I3","item","1","1","289645 TESTLIVE ITEM: Tier Armor Dispenser (OnUse, requested QL 220)","No capture and no unique client-data inference"
"B579","item","1","1","305232 Box of Things and Garbage (OnUse, requested QL 100)","No capture and no unique client-data inference"
"B8Y5","item","99","1","305226 Box of Things and Garbage (OnUse, requested QL 66) | 305226 Box of Things and Garbage (OnUse, requested QL 67) | 305226 Box of Things and Garbage (OnUse, requested QL 68)","No capture and no unique client-data inference"
"BAAL","item","3","3","273043 TESTLIVEITEM: StarterPack (OnUse, requested QL 1) | 300528 Sealed Bazzit's Alien Library (OnUse, requested QL 1) | 303378 Sealed Bazzit's Alien Library (OnUse, requested QL 1)","No capture and no unique client-data inference"
"BABT","item","1","1","270406 Gift Wrapped Footwear Assortment (OnUse, requested QL 1)","No capture and no unique client-data inference"
"BAOD","item","1","1","305240 Box of Things and Garbage (OnUse, requested QL 1)","No capture and no unique client-data inference"
"BATG","item","1","1","290256 Red Thong (OnUse, requested QL 1)","No capture and no unique client-data inference"
"BATT","item","1","1","270411 Gift Wrapped Tattoo Assortment (OnUse, requested QL 1)","No capture and no unique client-data inference"
"BAWG","item","1","1","289394 Dragon Wings (Replica) (OnUse, requested QL 1)","No capture and no unique client-data inference"
"BAWI","item","1","1","283981 Demon Wings (OnUse, requested QL 1)","No capture and no unique client-data inference"
"BBCL","nano-only","1","1","303084 Sleeping Nightmare (OnTerminate, requested QL 1)","No capture and no unique client-data inference"
"BBOG","item","1","1","305240 Box of Things and Garbage (OnUse, requested QL 1)","No capture and no unique client-data inference"
"BBOK","item","1","1","297315 Bank of Rubi-Ka Credit Card (OnUse, requested QL 1)","No capture and no unique client-data inference"
"BBSE","item","1","1","270400 Gift Wrapped Bellhop Costume (OnUse, requested QL 1)","No capture and no unique client-data inference"
"BBSH","item","1","1","273044 TESTLIVEITEM: StarterPack (OnUse, requested QL 100)","No capture and no unique client-data inference"
"BCGW","item","1","1","289645 TESTLIVE ITEM: Tier Armor Dispenser (OnUse, requested QL 220)","No capture and no unique client-data inference"
"BCTA","item","1","1","270411 Gift Wrapped Tattoo Assortment (OnUse, requested QL 1)","No capture and no unique client-data inference"
"BCTJ","item","2","2","289606 TESTLIVE ITEM: OFAB Armor Dispenser (OnUse, requested QL 1) | 289607 TESTLIVE ITEM: OFAB Armor Dispenser (OnUse, requested QL 300)","No capture and no unique client-data inference"
"BCWH","item","1","1","289572 Gift Wrapped Mittens (OnUse, requested QL 1)","No capture and no unique client-data inference"
"BDPC","item","1","1","281788 Birthday Placard - Coming Soon (OnUse, requested QL 1)","No capture and no unique client-data inference"
"BEDR","item","2","2","270415 Gift Wrapped Cloak Assortment #3 (OnUse, requested QL 1) | 270416 Gift Wrapped Cloak Assortment #3 (OnUse, requested QL 1)","No capture and no unique client-data inference"
"BEFL","nano-only","1","1","154968 Creation: Belthior's Flame Ward (OnUse, requested QL 144)","No capture and no unique client-data inference"
"BEHA","item","1","1","270369 Gift Wrapped Belly Dancer Outfit (OnUse, requested QL 1)","No capture and no unique client-data inference"
"BEHO","item","2","2","270369 Gift Wrapped Belly Dancer Outfit (OnUse, requested QL 1) | 270413 Gift Wrapped Cloak Assortment #1 (OnUse, requested QL 1)","No capture and no unique client-data inference"
"BEJA","item","1","1","270400 Gift Wrapped Bellhop Costume (OnUse, requested QL 1)","No capture and no unique client-data inference"
"BESH","item","2","2","239760 Box of Nanocrystals (OnUse, requested QL 300) | 239761 Box of Nanocrystals (OnUse, requested QL 1)","No capture and no unique client-data inference"
"BFC4","item","2","2","303434 Temple Explorer Pack (OnUse, requested QL 60) | 304567 Temple Explorer Pack (OnUse, requested QL 60)","No capture and no unique client-data inference"
"BFFO","item","1","1","273247 Blue Desert Orchid (OnUseItemOn, requested QL 1)","No capture and no unique client-data inference"
"BFOX","item","1","1","206726 Bag of Exchange (OnUse, requested QL 100)","No capture and no unique client-data inference"
"BFOY","item","1","1","303138 Crate of Energy Ammo (OnUse, requested QL 1)","No capture and no unique client-data inference"
"BGLW","item","1","1","288330 Placard - Mentor Looking for Noobs (OnUse, requested QL 1)","No capture and no unique client-data inference"
"BGOA","item","4","1","305240 Box of Things and Garbage (OnUse, requested QL 1) | 305240 Box of Things and Garbage (OnUse, requested QL 1) | 305240 Box of Things and Garbage (OnUse, requested QL 1)","No capture and no unique client-data inference"
"BGOC","item","1","1","206728 Bag of Exchange (OnUse, requested QL 100)","No capture and no unique client-data inference"
"BGOD","item","3","1","305240 Box of Things and Garbage (OnUse, requested QL 1) | 305240 Box of Things and Garbage (OnUse, requested QL 1) | 305240 Box of Things and Garbage (OnUse, requested QL 1)","No capture and no unique client-data inference"
"BGOE","item","1","1","206729 Bag of Exchange (OnUse, requested QL 100)","No capture and no unique client-data inference"
"BGOI","item","3","1","305240 Box of Things and Garbage (OnUse, requested QL 1) | 305240 Box of Things and Garbage (OnUse, requested QL 1) | 305240 Box of Things and Garbage (OnUse, requested QL 1)","No capture and no unique client-data inference"
"BGOX","item","1","1","206725 Bag of Exchange (OnUse, requested QL 100)","No capture and no unique client-data inference"
"BHHA","item","1","1","151661 Book: How To Make Jewellery (OnUse, requested QL 1)","No capture and no unique client-data inference"
"BHHK","item","1","1","154507 Making Emergency Treatment Labs - A Quick Guide for Doctors (OnUse, requested QL 1)","No capture and no unique client-data inference"
"BIGF","nano-only","1","1","281786 VP Reward (OnTerminate, requested QL 1)","No capture and no unique client-data inference"
"BIGO","item","1","1","270386 Gift Wrapped Biker's Outfit (OnUse, requested QL 1)","No capture and no unique client-data inference"
"BIJC","item","1","1","270386 Gift Wrapped Biker's Outfit (OnUse, requested QL 1)","No capture and no unique client-data inference"
"BIOD","item","1","1","305231 Box of Things and Garbage (OnUse, requested QL 1)","No capture and no unique client-data inference"
"BISR","nano-only","1","1","154978 Creation: Bitis Striker (OnUse, requested QL 133)","No capture and no unique client-data inference"
"BISV","item","1","1","296574 Biological Survey Nanobots (OnTerminate, requested QL 1)","No capture and no unique client-data inference"
"BKBO","item","1","1","270386 Gift Wrapped Biker's Outfit (OnUse, requested QL 1)","No capture and no unique client-data inference"
"BKHO","item","1","1","154450 How do I make Stims? A Quick Method (OnUse, requested QL 1)","No capture and no unique client-data inference"
"BKSL","item","1","1","270386 Gift Wrapped Biker's Outfit (OnUse, requested QL 1)","No capture and no unique client-data inference"
"BLIC","item","1","1","296575 Blank ICC ID Chip (OnTerminate, requested QL 1)","No capture and no unique client-data inference"
"BLPJ","item","1","1","270405 Gift Wrapped Blue Pajamas (OnUse, requested QL 1)","No capture and no unique client-data inference"
"BLSS","item","1","1","270400 Gift Wrapped Bellhop Costume (OnUse, requested QL 1)","No capture and no unique client-data inference"
"BLSV","item","1","1","270369 Gift Wrapped Belly Dancer Outfit (OnUse, requested QL 1)","No capture and no unique client-data inference"
"BLTP","item","1","1","270369 Gift Wrapped Belly Dancer Outfit (OnUse, requested QL 1)","No capture and no unique client-data inference"
"BMAM","item","1","1","273044 TESTLIVEITEM: StarterPack (OnUse, requested QL 75)","No capture and no unique client-data inference"
"BMAR","item","1","1","273044 TESTLIVEITEM: StarterPack (OnUse, requested QL 75)","No capture and no unique client-data inference"
"BMC5","item","8","8","303435 Biomare Explorer Pack (OnUse, requested QL 100) | 303436 Initial Outzone Explorer Pack (OnUse, requested QL 150) | 303437 Experienced Shadowlands Explorer Pack (OnUse, requested QL 200)","No capture and no unique client-data inference"
"BMGN","nano-only","1","1","296197 A Shirt for You (OnUse, requested QL 1)","No capture and no unique client-data inference"
"BMJA","item","1","1","270381 Gift Wrapped Bomber's Jacket (OnUse, requested QL 1)","No capture and no unique client-data inference"
"BMJC","item","1","1","270381 Gift Wrapped Bomber's Jacket (OnUse, requested QL 1)","No capture and no unique client-data inference"
"BMOE","item","1","1","303139 Crate of Flamethrower Ammo (OnUse, requested QL 1)","No capture and no unique client-data inference"
"BMWN","item","2","2","289606 TESTLIVE ITEM: OFAB Armor Dispenser (OnUse, requested QL 1) | 289607 TESTLIVE ITEM: OFAB Armor Dispenser (OnUse, requested QL 300)","No capture and no unique client-data inference"
"BNOG","item","1","1","305231 Box of Things and Garbage (OnUse, requested QL 1)","No capture and no unique client-data inference"
"BNOR","item","1","1","303140 Crate of Launcher Grenades (OnUse, requested QL 1)","No capture and no unique client-data inference"
"BOBF","item","1","1","270371 Gift Wrapped Bunny Outfit (OnUse, requested QL 1)","No capture and no unique client-data inference"
"BOGV","item","1","1","268696 Gift Wrapped Boxing Gloves (OnUse, requested QL 1)","No capture and no unique client-data inference"
"BOHO","item","1","1","150450 Book: How To Create A Nano Crystal (OnUse, requested QL 1)","No capture and no unique client-data inference"
"BOHT","item","1","1","151356 Book: How To Make An Arul Saba Bracelet (OnUse, requested QL 1)","No capture and no unique client-data inference"
"BONF","item","1","1","223773 Bonfire Kit (OnUse, requested QL 1)","No capture and no unique client-data inference"
"BOOC","item","1","1","206727 Bag of Exchange (OnUse, requested QL 100)","No capture and no unique client-data inference"
"BOOX","item","1","1","206724 Bag of Exchange (OnUse, requested QL 100)","No capture and no unique client-data inference"
"BOTN","item","2","1","275481 BOTN Biological Transceiver Dropper Item (OnTerminate, requested QL 1) | 275481 BOTN Biological Transceiver Dropper Item (OnTerminate, requested QL 1)","No capture and no unique client-data inference"
"BOTS","item","1","1","156310 The Secret Revealed - How to create Kamikaze Robots (OnUse, requested QL 1)","No capture and no unique client-data inference"
"BPZT","item","2","2","289606 TESTLIVE ITEM: OFAB Armor Dispenser (OnUse, requested QL 1) | 289607 TESTLIVE ITEM: OFAB Armor Dispenser (OnUse, requested QL 300)","No capture and no unique client-data inference"
"BRBD","nano-only","1","1","235386 Corporate Guardian (OnUse, requested QL 205)","No capture and no unique client-data inference"
"BRBY","nano-only","1","1","273300 CEO Guardian (OnUse, requested QL 215)","No capture and no unique client-data inference"
"BRC2","item","2","2","304490 Backyard Explorer Pack (OnUse, requested QL 1) | 304573 Backyard Explorer Pack (OnUse, requested QL 1)","No capture and no unique client-data inference"
"BRC3","item","2","2","303777 Subway Explorer Pack (OnUse, requested QL 25) | 304572 Subway Explorer Pack (OnUse, requested QL 25)","No capture and no unique client-data inference"
"BRDG","item","1","1","296309 Lindelus Nano Item (OnUse, requested QL 1)","No capture and no unique client-data inference"
"BRNA","item","1","1","302080 Sealed Profession Nanodeck (OnUse, requested QL 1)","No capture and no unique client-data inference"
"BRTS","item","1","1","300600 Commemorative T-shirt Spawner (OnUse, requested QL 1)","No capture and no unique client-data inference"
"BSOG","item","1","1","303141 Crate of Shotgun Ammo (OnUse, requested QL 1)","No capture and no unique client-data inference"
"BSPF","item","1","1","270386 Gift Wrapped Biker's Outfit (OnUse, requested QL 1)","No capture and no unique client-data inference"
"BSPJ","item","1","1","270405 Gift Wrapped Blue Pajamas (OnUse, requested QL 1)","No capture and no unique client-data inference"
"BTGF","nano-only","1","1","281786 VP Reward (OnTerminate, requested QL 1)","No capture and no unique client-data inference"
"BTGI","nano-only","1","1","281786 VP Reward (OnTerminate, requested QL 1)","No capture and no unique client-data inference"
"BUAD","nano-only","7","7","46352 Supervisor-Grade Administrator-Droid (OnUse, requested QL 139) | 46364 Limited Administrator-Droid (OnUse, requested QL 127) | 46369 Faithful Administrator-Droid (OnUse, requested QL 131)","No capture and no unique client-data inference"
"BUAI","nano-only","7","7","46353 Supervisor-Grade Aide-Droid (OnUse, requested QL 84) | 46365 Limited Aide-Droid (OnUse, requested QL 75) | 46370 Faithful Aide-Droid (OnUse, requested QL 78)","No capture and no unique client-data inference"
"BUAS","nano-only","7","7","46354 Supervisor-Grade Assistant-Droid (OnUse, requested QL 63) | 46366 Limited Assistant-Droid (OnUse, requested QL 54) | 46371 Faithful Assistant-Droid (OnUse, requested QL 57)","No capture and no unique client-data inference"
"BUAT","nano-only","7","7","46355 Supervisor-Grade Attendant-Droid (OnUse, requested QL 42) | 46367 Limited Attendant-Droid (OnUse, requested QL 33) | 46372 Faithful Attendant-Droid (OnUse, requested QL 36)","No capture and no unique client-data inference"
"BUBO","nano-only","7","7","46356 Supervisor-Grade Bodyguard (OnUse, requested QL 194) | 46368 Limited Bodyguard (OnUse, requested QL 183) | 46373 Faithful Bodyguard (OnUse, requested QL 187)","No capture and no unique client-data inference"
"BUHE","nano-only","7","7","46357 Supervisor-Grade Helper-Droid (OnUse, requested QL 24) | 46359 Limited Helper-Bot (OnUse, requested QL 18) | 46374 Faithful Helper-Droid (OnUse, requested QL 20)","No capture and no unique client-data inference"
"BUIM","item","9","9","303740 Sealed Implant and Spirit Package (OnUse, requested QL 1) | 303741 Sealed Implant and Spirit Package (OnUse, requested QL 200) | 303742 Sealed Symbiant and Spirit Package (OnUse, requested QL 215)","No capture and no unique client-data inference"
"BULN","item","1","1","270371 Gift Wrapped Bunny Outfit (OnUse, requested QL 1)","No capture and no unique client-data inference"
"BUMI","nano-only","7","7","46358 Supervisor-Grade Minion (OnUse, requested QL 167) | 46360 Limited Minion (OnUse, requested QL 155) | 46375 Faithful Minion (OnUse, requested QL 159)","No capture and no unique client-data inference"
"BUPJ","item","1","1","270405 Gift Wrapped Blue Pajamas (OnUse, requested QL 1)","No capture and no unique client-data inference"
"BUSC","nano-only","7","7","46350 Supervisor-Grade Secretary-Droid (OnUse, requested QL 111) | 46361 Limited Secretary-Droid (OnUse, requested QL 99) | 46376 Faithful Secretary-Droid (OnUse, requested QL 103)","No capture and no unique client-data inference"
"BUSK","item","1","1","270403 Gift Wrapped Ski Suit (OnUse, requested QL 1)","No capture and no unique client-data inference"
"BUTH","item","1","1","290255 Green Thong (OnUse, requested QL 1)","No capture and no unique client-data inference"
"BUWO","nano-only","7","7","46351 Supervisor-Grade Worker-Droid (OnUse, requested QL 10) | 46362 Limited Worker-Droid (OnUse, requested QL 3) | 46363 Faithful Worker-Droid (OnUse, requested QL 6)","No capture and no unique client-data inference"
"BWOW","item","1","1","303129 Box of Arrows (OnTerminate, requested QL 1)","No capture and no unique client-data inference"
"BWUM","item","1","1","272321 Phasefront Wraith-Series Collection (OnUse, requested QL 1)","No capture and no unique client-data inference"
"BXGV","item","1","1","268696 Gift Wrapped Boxing Gloves (OnUse, requested QL 1)","No capture and no unique client-data inference"
"BXHA","item","1","1","289574 Stolen Gift (OnUse, requested QL 1)","No capture and no unique client-data inference"
"BXOA","item","1","1","303136 Crate of Arrows (OnUse, requested QL 1)","No capture and no unique client-data inference"
"BXOF","item","1","1","207040 Sealed Tin of Mint and Liquorice Valentine's Candies (OnUse, requested QL 1)","No capture and no unique client-data inference"
"BXOI","item","1","1","305231 Box of Things and Garbage (OnUse, requested QL 1)","No capture and no unique client-data inference"
"BXPS","item","1","1","259212 Protest Placard - Oppressors! (OnUse, requested QL 1)","No capture and no unique client-data inference"
"BXW3","item","220","1","305234 Box of Things and Garbage (OnUse, requested QL 148) | 305234 Box of Things and Garbage (OnUse, requested QL 147) | 305234 Box of Things and Garbage (OnUse, requested QL 146)","No capture and no unique client-data inference"
"BYAB","item","1","1","303196 Gift of Palmiero (OnUse, requested QL 300)","No capture and no unique client-data inference"
"BYBD","item","1","1","270371 Gift Wrapped Bunny Outfit (OnUse, requested QL 1)","No capture and no unique client-data inference"
"BYPF","item","1","1","270400 Gift Wrapped Bellhop Costume (OnUse, requested QL 1)","No capture and no unique client-data inference"
"BYPR","item","1","1","281789 Birthday Placard - Sign This (OnUse, requested QL 1)","No capture and no unique client-data inference"
"BYSE","item","1","1","270371 Gift Wrapped Bunny Outfit (OnUse, requested QL 1)","No capture and no unique client-data inference"
"BZKG","item","1","1","259209 Protest Placard - Neutral 4 Life (OnUse, requested QL 1)","No capture and no unique client-data inference"
"BZPE","item","1","1","296570 Blank Info Chip (OnTerminate, requested QL 1)","No capture and no unique client-data inference"
"CAAC","item","1","1","270411 Gift Wrapped Tattoo Assortment (OnUse, requested QL 1)","No capture and no unique client-data inference"
"CAB3","item","1","1","270404 Gift Wrapped Camouflage Outfit (OnUse, requested QL 1)","No capture and no unique client-data inference"
"CAIO","item","1","1","263974 Immobilization Mine Layer (OnUse, requested QL 1)","No capture and no unique client-data inference"
"CAJA","item","1","1","270404 Gift Wrapped Camouflage Outfit (OnUse, requested QL 1)","No capture and no unique client-data inference"
"CALF","item","1","1","234924 Cama's Beating Heart (OnTerminate, requested QL 1)","No capture and no unique client-data inference"
"CALT","item","1","1","270378 Gift Wrapped Black Leather Outfit (OnUse, requested QL 1)","No capture and no unique client-data inference"
"CANY","item","1","1","284980 Snowflake Etching Machine - Flake #1 (OnUse, requested QL 1)","No capture and no unique client-data inference"
"CARF","item","1","1","236146 Caliginous  Ring (OnUse, requested QL 1)","No capture and no unique client-data inference"
"CASR","item","1","1","117567 Clan (OnEnter, requested QL 1)","No capture and no unique client-data inference"
"CASV","item","1","1","301797 Sealed Gelid Camouflage Sleeves (OnUse, requested QL 1)","No capture and no unique client-data inference"
"CASW","item","1","1","256634 Collision Spawn (OnEnter, requested QL 1)","No capture and no unique client-data inference"
"CBAA","item","1","1","303520 Vacuum Packed Cybernetic Assasin Armor - No Helmet (OnUse, requested QL 1)","No capture and no unique client-data inference"
"CBAS","item","2","1","303520 Vacuum Packed Cybernetic Assasin Armor - No Helmet (OnUse, requested QL 1) | 303520 Vacuum Packed Cybernetic Assasin Armor - No Helmet (OnUse, requested QL 1)","No capture and no unique client-data inference"
"CBBB","item","1","1","270370 Gift Wrapped Outfit of the King (OnUse, requested QL 1)","No capture and no unique client-data inference"
"CCSS","item","2","2","304559 Vacuum Packed Crude Silencer Armor (OnUse, requested QL 1) | 304560 Vacuum Packed Crude Silencer Armor (OnUse, requested QL 220)","No capture and no unique client-data inference"
"CCTE","nano-only","1","1","286046 Collector Teleport Nano (OnUse, requested QL 1)","No capture and no unique client-data inference"
"CDAM","item","1","1","262954 Clan Merits - Triumphant Double Sun (OnUse, requested QL 1)","No capture and no unique client-data inference"
"CDSC","item","2","2","304559 Vacuum Packed Crude Silencer Armor (OnUse, requested QL 1) | 304560 Vacuum Packed Crude Silencer Armor (OnUse, requested QL 220)","No capture and no unique client-data inference"
"CEAI","item","1","1","303520 Vacuum Packed Cybernetic Assasin Armor - No Helmet (OnUse, requested QL 1)","No capture and no unique client-data inference"
"CECW","item","1","1","289909 Delicious Chewing Gum (OnUse, requested QL 1)","No capture and no unique client-data inference"
"CEEI","item","1","1","263977 EMP Mine Layer (OnUse, requested QL 1)","No capture and no unique client-data inference"
"CELT","item","1","1","270375 Gift Wrapped Cheyenne Leather Outfit (OnUse, requested QL 1)","No capture and no unique client-data inference"
"CEPG","item","1","1","260697 Component Platform of Intelligence (OnUse, requested QL 250)","No capture and no unique client-data inference"
"CERC","item","34","34","163959 Lootgiver Type 1 (OnWear, requested QL 1) | 163960 Lootgiver Type 1 (OnWear, requested QL 400) | 163961 Lootgiver Type 2 (OnWear, requested QL 1)","No capture and no unique client-data inference"
"CESV","item","4","2","304559 Vacuum Packed Crude Silencer Armor (OnUse, requested QL 1) | 304559 Vacuum Packed Crude Silencer Armor (OnUse, requested QL 1) | 304560 Vacuum Packed Crude Silencer Armor (OnUse, requested QL 220)","No capture and no unique client-data inference"
"CFP3","item","1","1","270404 Gift Wrapped Camouflage Outfit (OnUse, requested QL 1)","No capture and no unique client-data inference"
"CGBO","item","1","1","285315 Transfer Password Information (OnUse, requested QL 1)","No capture and no unique client-data inference"
"CGBT","item","1","1","301799 Sealed Gelid Camouflage Boots (OnUse, requested QL 1)","No capture and no unique client-data inference"
"CGGI","item","1","1","286464 Quark Building Template Containment Field (OnUse, requested QL 300)","No capture and no unique client-data inference"
"CGSV","item","2","2","304559 Vacuum Packed Crude Silencer Armor (OnUse, requested QL 1) | 304560 Vacuum Packed Crude Silencer Armor (OnUse, requested QL 220)","No capture and no unique client-data inference"
"CHLA","item","1","1","270375 Gift Wrapped Cheyenne Leather Outfit (OnUse, requested QL 1)","No capture and no unique client-data inference"
"CHQT","item","1","1","290096 Profession Shirt Spawner (OnUse, requested QL 1)","No capture and no unique client-data inference"
"CHQU","item","1","1","302044 Sealed Cherubic Quiver (OnUse, requested QL 1)","No capture and no unique client-data inference"
"CHTA","item","1","1","270411 Gift Wrapped Tattoo Assortment (OnUse, requested QL 1)","No capture and no unique client-data inference"
"CIAH","item","1","1","304674 Vacuum Packed Captain Anarchy Turbo Suit (OnUse, requested QL 1)","No capture and no unique client-data inference"
"CIAY","item","1","1","304674 Vacuum Packed Captain Anarchy Turbo Suit (OnUse, requested QL 1)","No capture and no unique client-data inference"
"CICP","item","1","1","275378 Anniversary Gift (OnUse, requested QL 1)","No capture and no unique client-data inference"
"CIDJ","item","1","1","287552 kLoathing - Squares: White Shirt (OnUse, requested QL 1)","No capture and no unique client-data inference"
"CINY","item","1","1","284983 Snowflake Etching Machine - Flake #4 (OnUse, requested QL 1)","No capture and no unique client-data inference"
"CIRN","item","1","1","236146 Caliginous  Ring (OnUse, requested QL 1)","No capture and no unique client-data inference"
"CISM","item","1","1","286464 Quark Building Template Containment Field (OnUse, requested QL 300)","No capture and no unique client-data inference"
"CISV","item","1","1","270374 Gift Wrapped Champion's Costume (OnUse, requested QL 1)","No capture and no unique client-data inference"
"CITS","nano-only","1","1","290927 A Shirt for You (OnUse, requested QL 1)","No capture and no unique client-data inference"
"CIVO","item","1","1","286458 City Resettlement Beacon (OnUse, requested QL 1)","No capture and no unique client-data inference"
"CKCK","item","1","1","286464 Quark Building Template Containment Field (OnUse, requested QL 300)","No capture and no unique client-data inference"
"CKCQ","item","1","1","289643 TESTLIVE ITEM: Tier Armor Dispenser (OnUse, requested QL 100)","No capture and no unique client-data inference"
"CKEN","item","1","1","276020 Neretva Entrance Warning Sphere (OnEnter, requested QL 1)","No capture and no unique client-data inference"
"CKPA","item","1","1","245658 Light Perennium Container (OnUse, requested QL 150)","No capture and no unique client-data inference"
"CLAC","item","2","2","285380 Transfer Password Information (OnUse, requested QL 1) | 286239 Equipment Pack (OnUse, requested QL 1)","No capture and no unique client-data inference"
"CLAG","item","2","2","285380 Transfer Password Information (OnUse, requested QL 1) | 286239 Equipment Pack (OnUse, requested QL 1)","No capture and no unique client-data inference"
"CLEP","item","1","1","263976 Explosive Mine Layer (OnUse, requested QL 1)","No capture and no unique client-data inference"
"CLHT","item","1","1","301790 Sealed Gelid Camouflage Balaclava Helmet (OnUse, requested QL 1)","No capture and no unique client-data inference"
"CLOC","item","1","1","259265 Collar of Amplification (OnUse, requested QL 100)","No capture and no unique client-data inference"
"CLOH","item","9","9","164374 Boss Modifier Item (The Collector) (OnWear, requested QL 1) | 164375 Boss Modifier Item (The Collector) (OnWear, requested QL 10) | 164376 Boss Modifier Item (The Collector) (OnWear, requested QL 25)","No capture and no unique client-data inference"
"CLOP","item","1","1","259267 Collar of Amplification (OnUse, requested QL 100)","No capture and no unique client-data inference"
"CLPT","item","1","1","270372 Gift Wrapped Clown Costume (OnUse, requested QL 1)","No capture and no unique client-data inference"
"CLRF","item","1","1","236146 Caliginous  Ring (OnUse, requested QL 1)","No capture and no unique client-data inference"
"CLRG","item","1","1","236146 Caliginous  Ring (OnUse, requested QL 1)","No capture and no unique client-data inference"
"CLSV","item","1","1","270377 Gift Wrapped Cowboy Outfit (OnUse, requested QL 1)","No capture and no unique client-data inference"
"CLVE","item","1","1","270372 Gift Wrapped Clown Costume (OnUse, requested QL 1)","No capture and no unique client-data inference"
"CMBD","item","1","1","270374 Gift Wrapped Champion's Costume (OnUse, requested QL 1)","No capture and no unique client-data inference"
"CMDV","item","1","1","258601 Cease and Desist Order (OnUse, requested QL 200)","No capture and no unique client-data inference"
"CMGO","item","1","1","270374 Gift Wrapped Champion's Costume (OnUse, requested QL 1)","No capture and no unique client-data inference"
"CMGV","item","1","1","301798 Sealed Gelid Camouflage Gloves (OnUse, requested QL 1)","No capture and no unique client-data inference"
"CMHO","item","1","1","270404 Gift Wrapped Camouflage Outfit (OnUse, requested QL 1)","No capture and no unique client-data inference"
"CMJA","item","1","1","301792 Sealed Gelid Camouflage Jacket (OnUse, requested QL 1)","No capture and no unique client-data inference"
"CMNS","item","1","1","284982 Snowflake Etching Machine - Flake #3 (OnUse, requested QL 1)","No capture and no unique client-data inference"
"CMOA","item","1","1","259270 Collar of Amplification (OnUse, requested QL 100)","No capture and no unique client-data inference"
"CMOC","item","1","1","259269 Collar of Amplification (OnUse, requested QL 100)","No capture and no unique client-data inference"
"CMOI","item","1","1","259268 Collar of Amplification (OnUse, requested QL 100)","No capture and no unique client-data inference"
"CMOP","item","1","1","259266 Collar of Amplification (OnUse, requested QL 100)","No capture and no unique client-data inference"
"CMPF","item","1","1","260699 Component Platform of Psychic (OnUse, requested QL 250)","No capture and no unique client-data inference"
"CMPL","item","1","1","260694 Component Platform of Stamina (OnUse, requested QL 250)","No capture and no unique client-data inference"
"CNAD","item","24","17","96351 Clan Merits - Twig of Hope (OnUse, requested QL 2) | 96351 Clan Merits - Twig of Hope (OnUse, requested QL 3) | 96352 Clan Merits - Leaves of Spring (OnUse, requested QL 3)","No capture and no unique client-data inference"
"CNAI","item","1","1","303520 Vacuum Packed Cybernetic Assasin Armor - No Helmet (OnUse, requested QL 1)","No capture and no unique client-data inference"
"CNAY","item","1","1","304674 Vacuum Packed Captain Anarchy Turbo Suit (OnUse, requested QL 1)","No capture and no unique client-data inference"
"CNCR","nano-only","1","1","206752 Saemus' Crystalizer (OnUse, requested QL 1)","No capture and no unique client-data inference"
"CNCS","item","1","1","304170 Box of Guns (OnUse, requested QL 10)","No capture and no unique client-data inference"
"CNLH","item","1","1","270378 Gift Wrapped Black Leather Outfit (OnUse, requested QL 1)","No capture and no unique client-data inference"
"CNRA","item","1","1","263975 Restraining Mine Layer (OnUse, requested QL 1)","No capture and no unique client-data inference"
"CNSM","item","1","1","286464 Quark Building Template Containment Field (OnUse, requested QL 300)","No capture and no unique client-data inference"
"CNVB","item","2","2","289606 TESTLIVE ITEM: OFAB Armor Dispenser (OnUse, requested QL 1) | 289607 TESTLIVE ITEM: OFAB Armor Dispenser (OnUse, requested QL 300)","No capture and no unique client-data inference"
"COFR","item","2","2","156695 Personal Safe (OnUse, requested QL 100) | 156696 Personal Safe (OnUse, requested QL 40)","No capture and no unique client-data inference"
"COHN","nano-only","1","1","154979 Creation: Coplan's Hand Taipan (OnUse, requested QL 88)","No capture and no unique client-data inference"
"COJA","item","1","1","270377 Gift Wrapped Cowboy Outfit (OnUse, requested QL 1)","No capture and no unique client-data inference"
"COOH","item","9","9","164374 Boss Modifier Item (The Collector) (OnWear, requested QL 1) | 164375 Boss Modifier Item (The Collector) (OnWear, requested QL 10) | 164376 Boss Modifier Item (The Collector) (OnWear, requested QL 25)","No capture and no unique client-data inference"
"COON","item","2","2","300864 Omni Epaulet (OnUse, requested QL 1) | 300865 Omni Epaulet (OnUse, requested QL 200)","No capture and no unique client-data inference"
"COPM","item","1","1","260695 Component Platform of Strength (OnUse, requested QL 250)","No capture and no unique client-data inference"
"CORP","item","1","1","208631 Bag of Fortune Test (OnUse, requested QL 1)","No capture and no unique client-data inference"
"COSG","item","1","1","216286 Expensive Gift from Earth (OnUse, requested QL 150)","No capture and no unique client-data inference"
"CP0R","item","4","4","295830 NPE Playfield Item (OnUse, requested QL 1) | 304365 Clans (OnEnter, requested QL 1) | 304366 Neutral (OnEnter, requested QL 1)","No capture and no unique client-data inference"
"CPAC","item","1","1","296236 Vacuum Packed Captain Anarchy Costume (OnUse, requested QL 1)","No capture and no unique client-data inference"
"CPAN","item","1","1","296236 Vacuum Packed Captain Anarchy Costume (OnUse, requested QL 1)","No capture and no unique client-data inference"
"CPAU","item","2","1","304674 Vacuum Packed Captain Anarchy Turbo Suit (OnUse, requested QL 1) | 304674 Vacuum Packed Captain Anarchy Turbo Suit (OnUse, requested QL 1)","No capture and no unique client-data inference"
"CPCA","item","1","1","270417 Gift Wrapped Cloak Assortment #4 (OnUse, requested QL 1)","No capture and no unique client-data inference"
"CPCN","item","1","1","289577 Stolen Gift (OnUse, requested QL 1)","No capture and no unique client-data inference"
"CPPM","item","1","1","260696 Component Platform of Sense (OnUse, requested QL 250)","No capture and no unique client-data inference"
"CPSG","item","23","1","256634 Collision Spawn (OnEnter, requested QL 1) | 256634 Collision Spawn (OnEnter, requested QL 1) | 256634 Collision Spawn (OnEnter, requested QL 1)","No capture and no unique client-data inference"
"CPSW","item","67","1","256634 Collision Spawn (OnEnter, requested QL 1) | 256634 Collision Spawn (OnEnter, requested QL 1) | 256634 Collision Spawn (OnEnter, requested QL 1)","No capture and no unique client-data inference"
"CPUP","item","1","1","273045 TESTLIVEITEM: StarterPack (OnUse, requested QL 200)","No capture and no unique client-data inference"
"CR20","item","9","9","205844 Christmas Gift (OnUse, requested QL 1) | 274208 Christmas Gift (OnUse, requested QL 1) | 285002 Christmas Gift (OnUse, requested QL 1)","No capture and no unique client-data inference"
"CRAS","item","2","1","303520 Vacuum Packed Cybernetic Assasin Armor - No Helmet (OnUse, requested QL 1) | 303520 Vacuum Packed Cybernetic Assasin Armor - No Helmet (OnUse, requested QL 1)","No capture and no unique client-data inference"
"CREN","nano-only","1","1","204828 Lien's Crystalizer (OnUse, requested QL 1)","No capture and no unique client-data inference"
"CRGL","item","1","1","245319 Cranky Golem Eye (OnUse, requested QL 150)","No capture and no unique client-data inference"
"CRGO","item","1","1","245320 Cranky Golem Eye (OnUse, requested QL 150)","No capture and no unique client-data inference"
"CSBK","item","1","1","270407 Gift Wrapped Thong Assortment (OnUse, requested QL 1)","No capture and no unique client-data inference"
"CSNR","item","1","1","284981 Snowflake Etching Machine - Flake #2 (OnUse, requested QL 1)","No capture and no unique client-data inference"
"CSPH","item","1","1","270374 Gift Wrapped Champion's Costume (OnUse, requested QL 1)","No capture and no unique client-data inference"
"CTAB","item","1","1","303520 Vacuum Packed Cybernetic Assasin Armor - No Helmet (OnUse, requested QL 1)","No capture and no unique client-data inference"
"CTAC","item","1","1","296236 Vacuum Packed Captain Anarchy Costume (OnUse, requested QL 300)","No capture and no unique client-data inference"
"CTAH","item","1","1","304674 Vacuum Packed Captain Anarchy Turbo Suit (OnUse, requested QL 1)","No capture and no unique client-data inference"
"CTAR","item","1","1","296236 Vacuum Packed Captain Anarchy Costume (OnUse, requested QL 300)","No capture and no unique client-data inference"
"CTAY","item","1","1","304674 Vacuum Packed Captain Anarchy Turbo Suit (OnUse, requested QL 1)","No capture and no unique client-data inference"
"CTCP","nano-only","1","1","293828 NipponTech M3H-Rho ""Mizuni"" Life-Like Robotic Catgirl Companion (OnUse, requested QL 1)","No capture and no unique client-data inference"
"CTET","item","8","8","227517 Enmeshed Clusters (OnUse, requested QL 1) | 227518 Enmeshed Clusters (OnUse, requested QL 300) | 227519 Enmeshed Clusters (OnUse, requested QL 1)","No capture and no unique client-data inference"
"CTPP","item","1","1","260698 Component Platform of Agility (OnUse, requested QL 250)","No capture and no unique client-data inference"
"CUPT","item","1","1","301791 Sealed Gelid Camouflage Trousers (OnUse, requested QL 1)","No capture and no unique client-data inference"
"CURF","item","1","1","236146 Caliginous  Ring (OnUse, requested QL 1)","No capture and no unique client-data inference"
"CUSV","item","1","1","270404 Gift Wrapped Camouflage Outfit (OnUse, requested QL 1)","No capture and no unique client-data inference"
"CVPH","item","1","1","301789 Sealed Bulwark of Incalescence (OnUse, requested QL 1)","No capture and no unique client-data inference"
"CWBS","item","1","1","270377 Gift Wrapped Cowboy Outfit (OnUse, requested QL 1)","No capture and no unique client-data inference"
"CWBT","item","1","1","270372 Gift Wrapped Clown Costume (OnUse, requested QL 1)","No capture and no unique client-data inference"
"CWOD","item","1","1","303137 Crate of Bullets (OnUse, requested QL 1)","No capture and no unique client-data inference"
"CWPN","item","1","1","270377 Gift Wrapped Cowboy Outfit (OnUse, requested QL 1)","No capture and no unique client-data inference"
"CWSE","item","1","1","270372 Gift Wrapped Clown Costume (OnUse, requested QL 1)","No capture and no unique client-data inference"
"CWSI","item","1","1","256634 Collision Spawn (OnEnter, requested QL 1)","No capture and no unique client-data inference"
"CWSW","item","2","2","304559 Vacuum Packed Crude Silencer Armor (OnUse, requested QL 1) | 304560 Vacuum Packed Crude Silencer Armor (OnUse, requested QL 220)","No capture and no unique client-data inference"
"CXDD","nano-only","1","1","304939 Eat Pant (OnTerminate, requested QL 1)","No capture and no unique client-data inference"
"CXUU","item","1","1","290096 Profession Shirt Spawner (OnUse, requested QL 1)","No capture and no unique client-data inference"
"CYAA","item","1","1","303520 Vacuum Packed Cybernetic Assasin Armor - No Helmet (OnUse, requested QL 1)","No capture and no unique client-data inference"
"CYLA","item","1","1","270375 Gift Wrapped Cheyenne Leather Outfit (OnUse, requested QL 1)","No capture and no unique client-data inference"
"CYLT","item","1","1","270375 Gift Wrapped Cheyenne Leather Outfit (OnUse, requested QL 1)","No capture and no unique client-data inference"
"CYOG","item","1","1","280422 Engineer Snare Mine Layer (OnUse, requested QL 20)","No capture and no unique client-data inference"
"D0YS","item","1","1","289644 TESTLIVE ITEM: Tier Armor Dispenser (OnUse, requested QL 160)","No capture and no unique client-data inference"
"D1FL","item","2","2","301824 Nophex 3D Printer: Holiday Edition (OnUse, requested QL 1) | 301825 Nophex Mass Deluxe 3D Printing (OnUse, requested QL 1)","No capture and no unique client-data inference"
"D33P","item","1","1","305232 Box of Things and Garbage (OnUse, requested QL 160)","No capture and no unique client-data inference"
"D7EQ","item","1","1","274213 Christmas Gift (OnUse, requested QL 1)","No capture and no unique client-data inference"
"DABL","nano-only","1","1","291181 Event Loop Rafael Dietmart (OnTerminate, requested QL 1)","No capture and no unique client-data inference"
"DABP","item","1","1","303433 Jumpstart Pack (OnUse, requested QL 1)","No capture and no unique client-data inference"
"DAFR","item","1","1","258742 Secure Terminal (OnUseItemOn, requested QL 1)","No capture and no unique client-data inference"
"DAHE","item","1","1","224083 Dalja's Light Combat Skirt (OnUse, requested QL 150)","No capture and no unique client-data inference"
"DALI","item","1","1","224084 Dalja's Heavy Combat Pants (OnUse, requested QL 150)","No capture and no unique client-data inference"
"DB1P","nano-only","5","5","269660 Ancient Judgement of The Xan (OnUse, requested QL 1) | 269663 Ancient Judgement of The Xan (OnUse, requested QL 1) | 269664 Ancient Judgement of The Xan (OnUse, requested QL 1)","No capture and no unique client-data inference"
"DBBL","nano-only","1","1","291122 Event Loop Masked Commando Superior Superb Supreme (OnTerminate, requested QL 1)","No capture and no unique client-data inference"
"DBW3","item","1","1","289644 TESTLIVE ITEM: Tier Armor Dispenser (OnUse, requested QL 160)","No capture and no unique client-data inference"
"DCBA","item","1","1","303704 Dust Brigade Technician Datapad (OnUse, requested QL 1)","No capture and no unique client-data inference"
"DCBP","item","2","2","303699 Dust Brigade Technician Datapad (OnUse, requested QL 1) | 303715 Vacuum Packed Dust Brigade Technician Set (OnUse, requested QL 1)","No capture and no unique client-data inference"
"DCBS","item","2","1","303715 Vacuum Packed Dust Brigade Technician Set (OnUse, requested QL 1) | 303715 Vacuum Packed Dust Brigade Technician Set (OnUse, requested QL 1)","No capture and no unique client-data inference"
"DCBV","item","1","1","303715 Vacuum Packed Dust Brigade Technician Set (OnUse, requested QL 1)","No capture and no unique client-data inference"
"DCCA","item","1","1","270416 Gift Wrapped Cloak Assortment #3 (OnUse, requested QL 1)","No capture and no unique client-data inference"
"DCGR","item","1","1","302510 Decoy Grid Terminal (OnUse, requested QL 1)","No capture and no unique client-data inference"
"DCNA","item","1","1","302080 Sealed Profession Nanodeck (OnUse, requested QL 1)","No capture and no unique client-data inference"
"DCPI","item","1","1","245596 Light Perennium Container (OnUse, requested QL 150)","No capture and no unique client-data inference"
"DCSH","item","1","1","290096 Profession Shirt Spawner (OnUse, requested QL 1)","No capture and no unique client-data inference"
"DDBL","nano-only","1","1","291095 Event Loop Christie Wamala (OnTerminate, requested QL 1)","No capture and no unique client-data inference"
"DEAL","nano-only","1","1","288479 Bomb Count Down (OnUse, requested QL 1)","No capture and no unique client-data inference"
"DEBH","item","1","1","303703 Dust Brigade Technician Datapad (OnUse, requested QL 1)","No capture and no unique client-data inference"
"DEKY","item","1","1","273044 TESTLIVEITEM: StarterPack (OnUse, requested QL 1)","No capture and no unique client-data inference"
"DEND","item","2","1","290287 Vacuum Packed Desert Nomad Armor (OnUse, requested QL 300) | 290287 Vacuum Packed Desert Nomad Armor (OnUse, requested QL 300)","No capture and no unique client-data inference"
"DEWA","nano-only","1","1","154972 Creation: Death Ward (OnUse, requested QL 171)","No capture and no unique client-data inference"
"DEWG","item","1","1","289392 Bat Wings (Replica) (OnUse, requested QL 1)","No capture and no unique client-data inference"
"DFMA","item","1","1","286427 Box of Stuff (OnUse, requested QL 200)","No capture and no unique client-data inference"
"DFMD","item","1","1","286427 Box of Stuff (OnUse, requested QL 200)","No capture and no unique client-data inference"
"DFME","item","1","1","286427 Box of Stuff (OnUse, requested QL 200)","No capture and no unique client-data inference"
"DFMI","item","1","1","286427 Box of Stuff (OnUse, requested QL 200)","No capture and no unique client-data inference"
"DFMN","item","1","1","286427 Box of Stuff (OnUse, requested QL 200)","No capture and no unique client-data inference"
"DFMT","item","1","1","286427 Box of Stuff (OnUse, requested QL 200)","No capture and no unique client-data inference"
"DGSV","item","1","1","270399 Gift Wrapped Dungarees (OnUse, requested QL 1)","No capture and no unique client-data inference"
"DHBA","item","1","1","303701 Dust Brigade Technician Datapad (OnUse, requested QL 1)","No capture and no unique client-data inference"
"DHBC","item","1","1","303715 Vacuum Packed Dust Brigade Technician Set (OnUse, requested QL 1)","No capture and no unique client-data inference"
"DHBE","item","1","1","303702 Dust Brigade Technician Datapad (OnUse, requested QL 1)","No capture and no unique client-data inference"
"DHBS","item","1","1","303715 Vacuum Packed Dust Brigade Technician Set (OnUse, requested QL 1)","No capture and no unique client-data inference"
"DHBT","item","1","1","303715 Vacuum Packed Dust Brigade Technician Set (OnUse, requested QL 1)","No capture and no unique client-data inference"
"DIBK","item","2","2","273042 TESTLIVEITEM: StarterPack (OnUse, requested QL 10) | 273229 TESTLIVEITEM: Spawn XP Bonus Nano (OnUse, requested QL 1)","No capture and no unique client-data inference"
"DISK","item","1","1","303181 Vacuum Packed Digummy Skoot Armor (OnUse, requested QL 1)","No capture and no unique client-data inference"
"DIST","item","109","109","163959 Lootgiver Type 1 (OnWear, requested QL 1) | 163960 Lootgiver Type 1 (OnWear, requested QL 400) | 163966 Lootgiver Type 5 (OnWear, requested QL 1)","No capture and no unique client-data inference"
"DITS","nano-only","1","1","296131 A Shirt for You (OnUse, requested QL 1)","No capture and no unique client-data inference"
"DJHO","item","1","1","270413 Gift Wrapped Cloak Assortment #1 (OnUse, requested QL 1)","No capture and no unique client-data inference"
"DJOF","item","1","1","270413 Gift Wrapped Cloak Assortment #1 (OnUse, requested QL 1)","No capture and no unique client-data inference"
"DKDN","item","1","1","281354 Jamming Device (OnUse, requested QL 200)","No capture and no unique client-data inference"
"DKSF","item","1","1","303181 Vacuum Packed Digummy Skoot Armor (OnUse, requested QL 1)","No capture and no unique client-data inference"
"DKSS","item","1","1","303181 Vacuum Packed Digummy Skoot Armor (OnUse, requested QL 1)","No capture and no unique client-data inference"
"DLBE","nano-only","1","1","291122 Event Loop Masked Commando Superior Superb Supreme (OnTerminate, requested QL 1)","No capture and no unique client-data inference"
"DLBN","nano-only","1","1","291122 Event Loop Masked Commando Superior Superb Supreme (OnTerminate, requested QL 1)","No capture and no unique client-data inference"
"DLBP","nano-only","2","2","291249 Event Loop Technological Officer Darwelsi (OnTerminate, requested QL 1) | 292602 Event Loop Technological Officer Darwelsi (OnTerminate, requested QL 1)","No capture and no unique client-data inference"
"DLMO","nano-only","1","1","290608 Alien Defense Reward (OnTerminate, requested QL 1)","No capture and no unique client-data inference"
"DLPT","item","1","1","295620 Remains of Shop Thief (OnUse, requested QL 200)","No capture and no unique client-data inference"
"DMFR","item","1","1","303202 Gift of Palmiero (OnUse, requested QL 300)","No capture and no unique client-data inference"
"DMRR","item","1","1","301787 Sealed Dark Winter Knight (OnUse, requested QL 1)","No capture and no unique client-data inference"
"DMSH","item","1","1","303181 Vacuum Packed Digummy Skoot Armor (OnUse, requested QL 1)","No capture and no unique client-data inference"
"DMWN","item","1","1","283980 Dragon Wings (OnUse, requested QL 1)","No capture and no unique client-data inference"
"DNBD","item","1","1","303705 Dust Brigade Technician Datapad (OnUse, requested QL 1)","No capture and no unique client-data inference"
"DNBO","item","1","1","270399 Gift Wrapped Dungarees (OnUse, requested QL 1)","No capture and no unique client-data inference"
"DNND","nano-only","1","1","303568 Eventloop Robobutt (OnTerminate, requested QL 1)","No capture and no unique client-data inference"
"DNNR","nano-only","1","1","303565 Eventloop DCommander (OnTerminate, requested QL 1)","No capture and no unique client-data inference"
"DOGB","item","1","1","259211 Protest Placard - Fence Sitters! (OnUse, requested QL 1)","No capture and no unique client-data inference"
"DOIM","item","9","9","303740 Sealed Implant and Spirit Package (OnUse, requested QL 1) | 303741 Sealed Implant and Spirit Package (OnUse, requested QL 200) | 303742 Sealed Symbiant and Spirit Package (OnUse, requested QL 215)","No capture and no unique client-data inference"
"DOMA","item","1","1","286427 Box of Stuff (OnUse, requested QL 200)","No capture and no unique client-data inference"
"DOMD","item","1","1","286427 Box of Stuff (OnUse, requested QL 200)","No capture and no unique client-data inference"
"DOMI","item","1","1","286427 Box of Stuff (OnUse, requested QL 200)","No capture and no unique client-data inference"
"DOMN","item","1","1","286427 Box of Stuff (OnUse, requested QL 200)","No capture and no unique client-data inference"
"DOSG","item","1","1","302985 Decoy Surgery Clinic (OnUse, requested QL 1)","No capture and no unique client-data inference"
"DOSH","item","2","2","239760 Box of Nanocrystals (OnUse, requested QL 300) | 239761 Box of Nanocrystals (OnUse, requested QL 1)","No capture and no unique client-data inference"
"DOTS","nano-only","1","1","290932 A Shirt for You (OnUse, requested QL 1)","No capture and no unique client-data inference"
"DPBP","item","1","1","303050 Vacuum Packed Dust Brigade Parasite Armor - No Helmet (OnUse, requested QL 1)","No capture and no unique client-data inference"
"DPBR","item","2","1","303050 Vacuum Packed Dust Brigade Parasite Armor - No Helmet (OnUse, requested QL 1) | 303050 Vacuum Packed Dust Brigade Parasite Armor - No Helmet (OnUse, requested QL 1)","No capture and no unique client-data inference"
"DRMD","item","1","1","286427 Box of Stuff (OnUse, requested QL 200)","No capture and no unique client-data inference"
"DRNC","item","1","1","290287 Vacuum Packed Desert Nomad Armor (OnUse, requested QL 300)","No capture and no unique client-data inference"
"DRND","item","1","1","290287 Vacuum Packed Desert Nomad Armor (OnUse, requested QL 300)","No capture and no unique client-data inference"
"DRNM","item","1","1","290287 Vacuum Packed Desert Nomad Armor (OnUse, requested QL 300)","No capture and no unique client-data inference"
"DRNS","item","2","1","290287 Vacuum Packed Desert Nomad Armor (OnUse, requested QL 300) | 290287 Vacuum Packed Desert Nomad Armor (OnUse, requested QL 300)","No capture and no unique client-data inference"
"DRSG","item","1","1","303181 Vacuum Packed Digummy Skoot Armor (OnUse, requested QL 1)","No capture and no unique client-data inference"
"DRWI","item","1","1","283982 Bat Wings (OnUse, requested QL 1)","No capture and no unique client-data inference"
"DRWN","item","1","1","289393 Demon Wings (Replica) (OnUse, requested QL 1)","No capture and no unique client-data inference"
"DSBE","item","2","2","269786 Dust Brigade Reward Buff Wear Item (OnTerminate, requested QL 1) | 274203 Aune Summoning Wearitem (OnTerminate, requested QL 1)","No capture and no unique client-data inference"
"DSBL","item","1","1","303050 Vacuum Packed Dust Brigade Parasite Armor - No Helmet (OnUse, requested QL 1)","No capture and no unique client-data inference"
"DSMM","nano-only","1","1","290608 Alien Defense Reward (OnTerminate, requested QL 1)","No capture and no unique client-data inference"
"DSND","item","1","1","290287 Vacuum Packed Desert Nomad Armor (OnUse, requested QL 300)","No capture and no unique client-data inference"
"DTBB","item","1","1","303050 Vacuum Packed Dust Brigade Parasite Armor - No Helmet (OnUse, requested QL 1)","No capture and no unique client-data inference"
"DTBP","item","1","1","303050 Vacuum Packed Dust Brigade Parasite Armor - No Helmet (OnUse, requested QL 1)","No capture and no unique client-data inference"
"DTJV","item","1","1","256637 Vortex Spawner (OnTerminate, requested QL 1)","No capture and no unique client-data inference"
"DTNG","item","1","1","290287 Vacuum Packed Desert Nomad Armor (OnUse, requested QL 300)","No capture and no unique client-data inference"
"DTNM","item","1","1","290287 Vacuum Packed Desert Nomad Armor (OnUse, requested QL 300)","No capture and no unique client-data inference"
"DTNR","nano-only","1","1","290288 Control Center (OnTerminate, requested QL 1)","No capture and no unique client-data inference"
"DUBO","item","1","1","270399 Gift Wrapped Dungarees (OnUse, requested QL 1)","No capture and no unique client-data inference"
"DUBP","item","1","1","303050 Vacuum Packed Dust Brigade Parasite Armor - No Helmet (OnUse, requested QL 1)","No capture and no unique client-data inference"
"DUBU","item","1","1","303715 Vacuum Packed Dust Brigade Technician Set (OnUse, requested QL 1)","No capture and no unique client-data inference"
"DUFQ","item","1","1","304365 Clans (OnEnter, requested QL 1)","No capture and no unique client-data inference"
"DUPA","item","1","1","270399 Gift Wrapped Dungarees (OnUse, requested QL 1)","No capture and no unique client-data inference"
"DUSK","item","1","1","303181 Vacuum Packed Digummy Skoot Armor (OnUse, requested QL 1)","No capture and no unique client-data inference"
"DVBE","item","1","1","303050 Vacuum Packed Dust Brigade Parasite Armor - No Helmet (OnUse, requested QL 1)","No capture and no unique client-data inference"
"DYWA","item","2","2","297054 Vacuum Packed Omni-Med Suit (OnUse, requested QL 1) | 304006 Vacuum Packed Omni-Med Suit (OnUse, requested QL 1)","No capture and no unique client-data inference"
"EAPC","item","1","1","294853 ""Chocolate Exultation"" Gift Box (OnUse, requested QL 1)","No capture and no unique client-data inference"
"EAPE","item","1","1","294853 ""Chocolate Exultation"" Gift Box (OnUse, requested QL 1)","No capture and no unique client-data inference"
"EAPJ","item","2","2","289606 TESTLIVE ITEM: OFAB Armor Dispenser (OnUse, requested QL 1) | 289607 TESTLIVE ITEM: OFAB Armor Dispenser (OnUse, requested QL 300)","No capture and no unique client-data inference"
"EAVE","item","10","10","293461 Sacred Treasure of the Enigma (OnUse, requested QL 11) | 293462 Sacred Treasure of the Enigma (OnUse, requested QL 12) | 293463 Sacred Treasure of the Enigma (OnUse, requested QL 13)","No capture and no unique client-data inference"
"ECSI","item","1","1","270398 Gift Wrapped Executive Outfit (OnUse, requested QL 1)","No capture and no unique client-data inference"
"EDDS","item","2","2","303652 Vacuum Packed Elite Desert Nomad Armor (OnUse, requested QL 300) | 303653 Vacuum Packed Elite Desert Nomad Armor (OnUse, requested QL 300)","No capture and no unique client-data inference"
"EDLA","item","3","1","286429 Box of Stuff (OnUse, requested QL 300) | 286429 Box of Stuff (OnUse, requested QL 275) | 286429 Box of Stuff (OnUse, requested QL 250)","No capture and no unique client-data inference"
"EECT","item","1","1","288007 Energy Carbine Stock (OnUse, requested QL 1)","No capture and no unique client-data inference"
"EEDC","item","1","1","283777 Decoy Construct (OnUse, requested QL 1)","No capture and no unique client-data inference"
"EEDT","item","2","2","303652 Vacuum Packed Elite Desert Nomad Armor (OnUse, requested QL 300) | 303653 Vacuum Packed Elite Desert Nomad Armor (OnUse, requested QL 300)","No capture and no unique client-data inference"
"EEGV","item","4","2","286427 Box of Stuff (OnUse, requested QL 300) | 286427 Box of Stuff (OnUse, requested QL 250) | 286434 Box of Stuff (OnUse, requested QL 300)","No capture and no unique client-data inference"
"EEND","item","1","1","280449 Engineer Nano Drain Mine Layer (OnUse, requested QL 20)","No capture and no unique client-data inference"
"EEPV","item","1","1","290096 Profession Shirt Spawner (OnUse, requested QL 1)","No capture and no unique client-data inference"
"EESH","item","1","1","270398 Gift Wrapped Executive Outfit (OnUse, requested QL 1)","No capture and no unique client-data inference"
"EESV","item","1","1","270382 Gift Wrapped Entertainer Outfit (OnUse, requested QL 1)","No capture and no unique client-data inference"
"EETE","item","1","1","270411 Gift Wrapped Tattoo Assortment (OnUse, requested QL 1)","No capture and no unique client-data inference"
"EEVR","nano-only","1","1","245412 Pandemonium 4 (OnTerminate, requested QL 1)","No capture and no unique client-data inference"
"EEVT","nano-only","1","1","253388 Pandemonium 5 (OnTerminate, requested QL 1)","No capture and no unique client-data inference"
"EFIP","item","9","9","303740 Sealed Implant and Spirit Package (OnUse, requested QL 1) | 303741 Sealed Implant and Spirit Package (OnUse, requested QL 200) | 303742 Sealed Symbiant and Spirit Package (OnUse, requested QL 215)","No capture and no unique client-data inference"
"EFSH","item","2","2","239760 Box of Nanocrystals (OnUse, requested QL 300) | 239761 Box of Nanocrystals (OnUse, requested QL 1)","No capture and no unique client-data inference"
"EFST","item","1","1","290096 Profession Shirt Spawner (OnUse, requested QL 1)","No capture and no unique client-data inference"
"EGAN","nano-only","5","5","45675 Upgraded Android (OnUse, requested QL 34) | 45680 Semi-Sentient Android (OnUse, requested QL 43) | 45697 Perfected Android (OnUse, requested QL 40)","No capture and no unique client-data inference"
"EGAU","nano-only","5","5","45676 Upgraded Automaton (OnUse, requested QL 9) | 45681 Semi-Sentient Automaton (OnUse, requested QL 15) | 45698 Perfected Automaton (OnUse, requested QL 13)","No capture and no unique client-data inference"
"EGBA","nano-only","1","1","223317 Battlefield Devastator Drone (OnUse, requested QL 209)","No capture and no unique client-data inference"
"EGCR","item","1","1","288009 Energy Carbine Barrel (OnUse, requested QL 1)","No capture and no unique client-data inference"
"EGDE","nano-only","1","1","223321 Desolator Assault Drone (OnUse, requested QL 217)","No capture and no unique client-data inference"
"EGDS","nano-only","1","1","223323 Widowmaker Battle Drone (OnUse, requested QL 220)","No capture and no unique client-data inference"
"EGJA","nano-only","1","1","274369 Jamming Tower (OnUse, requested QL 1)","No capture and no unique client-data inference"
"EGMR","nano-only","1","1","223335 Marauder M-45 (OnUse, requested QL 215)","No capture and no unique client-data inference"
"EGNN","item","1","1","280449 Engineer Nano Drain Mine Layer (OnUse, requested QL 20)","No capture and no unique client-data inference"
"EGPR","nano-only","1","1","223325 Prototype Predator M-30 (OnUse, requested QL 100)","No capture and no unique client-data inference"
"EGSE","nano-only","1","1","223331 Semi-Sentient Predator M-30 (OnUse, requested QL 207)","No capture and no unique client-data inference"
"EGSI","item","1","1","290096 Profession Shirt Spawner (OnUse, requested QL 1)","No capture and no unique client-data inference"
"EGVE","item","10","10","293476 Sacred Treasure of the Enigma (OnUse, requested QL 21) | 293477 Sacred Treasure of the Enigma (OnUse, requested QL 22) | 293478 Sacred Treasure of the Enigma (OnUse, requested QL 23)","No capture and no unique client-data inference"
"EGVR","nano-only","2","1","245407 Pandemonium 1 (OnTerminate, requested QL 1) | 245407 Pandemonium 1 (OnTerminate, requested QL 1)","No capture and no unique client-data inference"
"EGVS","item","9","9","293499 Sacred Treasure of the Enigma (OnUse, requested QL 41) | 293500 Sacred Treasure of the Enigma (OnUse, requested QL 42) | 293501 Sacred Treasure of the Enigma (OnUse, requested QL 43)","No capture and no unique client-data inference"
"EGVT","nano-only","1","1","302827 Sleeping Nightmare (OnTerminate, requested QL 1)","No capture and no unique client-data inference"
"EGWA","nano-only","12","12","45667 Upgraded Warmachine (OnUse, requested QL 169) | 45669 Warmachine (OnUse, requested QL 166) | 45670 Semi-Sentient Warmachine (OnUse, requested QL 178)","No capture and no unique client-data inference"
"EGWD","item","1","1","217994 Engineer Widowmaker Battle Drone Shell (OnUse, requested QL 220)","No capture and no unique client-data inference"
"EHYJ","item","1","1","289645 TESTLIVE ITEM: Tier Armor Dispenser (OnUse, requested QL 220)","No capture and no unique client-data inference"
"EIDR","item","2","2","303652 Vacuum Packed Elite Desert Nomad Armor (OnUse, requested QL 300) | 303653 Vacuum Packed Elite Desert Nomad Armor (OnUse, requested QL 300)","No capture and no unique client-data inference"
"EIDS","item","2","2","303652 Vacuum Packed Elite Desert Nomad Armor (OnUse, requested QL 300) | 303653 Vacuum Packed Elite Desert Nomad Armor (OnUse, requested QL 300)","No capture and no unique client-data inference"
"EIDT","item","2","2","303652 Vacuum Packed Elite Desert Nomad Armor (OnUse, requested QL 300) | 303653 Vacuum Packed Elite Desert Nomad Armor (OnUse, requested QL 300)","No capture and no unique client-data inference"
"EIFM","item","1","1","279382 Ruin Wear Item (OnTerminate, requested QL 1)","No capture and no unique client-data inference"
"EIIF","item","1","1","305240 Box of Things and Garbage (OnUse, requested QL 1)","No capture and no unique client-data inference"
"EIMA","nano-only","1","1","223333 Military-Grade Predator M-30 (OnUse, requested QL 211)","No capture and no unique client-data inference"
"EINA","item","1","1","302080 Sealed Profession Nanodeck (OnUse, requested QL 1)","No capture and no unique client-data inference"
"EIPR","nano-only","1","1","301855 Predator M-30 (OnUse, requested QL 150)","No capture and no unique client-data inference"
"EISA","item","1","1","280422 Engineer Snare Mine Layer (OnUse, requested QL 20)","No capture and no unique client-data inference"
"EITI","item","1","1","275512 Epithelium Biopsy Mixer (OnUse, requested QL 1)","No capture and no unique client-data inference"
"EITU","item","1","1","275891 Epithelium Biopsy Mixer (2) (OnUse, requested QL 1)","No capture and no unique client-data inference"
"EIVS","item","10","10","293313 Sacred Treasure of the Enigma (OnUse, requested QL 1) | 293314 Sacred Treasure of the Enigma (OnUse, requested QL 2) | 293315 Sacred Treasure of the Enigma (OnUse, requested QL 3)","No capture and no unique client-data inference"
"ELEP","nano-only","1","1","304808 XX_Mission Exit (OnTerminate, requested QL 1)","No capture and no unique client-data inference"
"ELGD","item","1","1","303440 Garden Access Pack (OnUse, requested QL 1)","No capture and no unique client-data inference"
"EMDT","item","1","1","275057 Full Data Receptacle Container (OnUse, requested QL 1)","No capture and no unique client-data inference"
"EMKC","item","1","1","293660 Energy Strand Spawner (OnUse, requested QL 1)","No capture and no unique client-data inference"
"EMVE","item","10","10","293489 Sacred Treasure of the Enigma (OnUse, requested QL 31) | 293490 Sacred Treasure of the Enigma (OnUse, requested QL 32) | 293491 Sacred Treasure of the Enigma (OnUse, requested QL 33)","No capture and no unique client-data inference"
"ENAN","nano-only","6","6","45691 Patchwork Android (OnUse, requested QL 19) | 45703 Inferior Android (OnUse, requested QL 23) | 45709 Lesser Android (OnUse, requested QL 21)","No capture and no unique client-data inference"
"ENAU","nano-only","6","6","43325 Feeble Automaton (OnUse, requested QL 1) | 45692 Patchwork Automaton (OnUse, requested QL 2) | 45704 Inferior Automaton (OnUse, requested QL 4)","No capture and no unique client-data inference"
"ENAV","nano-only","1","1","223329 Advanced Predator M-30 (OnUse, requested QL 203)","No capture and no unique client-data inference"
"ENDV","nano-only","1","1","223315 Devastator Drone (OnUse, requested QL 205)","No capture and no unique client-data inference"
"ENFE","nano-only","1","1","223319 Fieldsweeper Devastator Drone (OnUse, requested QL 213)","No capture and no unique client-data inference"
"ENGA","nano-only","11","11","45664 Upgraded Gladiatorbot (OnUse, requested QL 67) | 45682 Semi-Sentient Gladiatorbot (OnUse, requested QL 76) | 45693 Patchwork Gladiatorbot (OnUse, requested QL 49)","No capture and no unique client-data inference"
"ENGU","nano-only","11","11","45665 Upgraded Guardbot (OnUse, requested QL 100) | 45683 Semi-Sentient Guardbot (OnUse, requested QL 109) | 45686 Lesser Guardbot (OnUse, requested QL 85)","No capture and no unique client-data inference"
"ENIP","item","8","8","303740 Sealed Implant and Spirit Package (OnUse, requested QL 1) | 303741 Sealed Implant and Spirit Package (OnUse, requested QL 200) | 304000 Sealed Implant and Spirit Package (OnUse, requested QL 25)","No capture and no unique client-data inference"
"ENLO","item","1","1","270382 Gift Wrapped Entertainer Outfit (OnUse, requested QL 1)","No capture and no unique client-data inference"
"ENNT","item","1","1","281456 Bookshelf (OnUse, requested QL 1)","No capture and no unique client-data inference"
"ENSA","nano-only","2","2","45671 Slayerdroid Guardian (OnUse, requested QL 200) | 45673 Slayerdroid Sentinel (OnUse, requested QL 198)","No capture and no unique client-data inference"
"ENSD","item","2","2","239760 Box of Nanocrystals (OnUse, requested QL 300) | 239761 Box of Nanocrystals (OnUse, requested QL 1)","No capture and no unique client-data inference"
"ENSL","nano-only","2","2","45672 Slayerdroid Protector (OnUse, requested QL 193) | 45674 Slayerdroid Warden (OnUse, requested QL 196)","No capture and no unique client-data inference"
"ENSY","nano-only","1","1","223313 Slayerdroid Annihilator (OnUse, requested QL 201)","No capture and no unique client-data inference"
"ENTN","item","2","2","201723 Spawn Entrance Nano (OnTerminate, requested QL 1) | 257352 Unicorn Scriptstarter Item (OnUse, requested QL 1)","No capture and no unique client-data inference"
"ENTP","item","1","1","270382 Gift Wrapped Entertainer Outfit (OnUse, requested QL 1)","No capture and no unique client-data inference"
"ENUP","nano-only","1","1","223327 Upgraded Predator M-30 (OnUse, requested QL 175)","No capture and no unique client-data inference"
"ENVE","nano-only","1","1","302829 Sleeping Nightmare (OnTerminate, requested QL 1)","No capture and no unique client-data inference"
"ENVT","nano-only","2","1","245410 Pandemonium 2 (OnTerminate, requested QL 1) | 245410 Pandemonium 2 (OnTerminate, requested QL 1)","No capture and no unique client-data inference"
"ENWA","nano-only","12","12","45666 Upgraded Warbot (OnUse, requested QL 133) | 45668 Warbot (OnUse, requested QL 130) | 45677 Perfected Warbot (OnUse, requested QL 139)","No capture and no unique client-data inference"
"ENWR","nano-only","3","3","45679 Reactivated Wardroid (OnUse, requested QL 187) | 45685 Semi-Sentient Wardroid (OnUse, requested QL 190) | 45729 Decommissioned Wardroid (OnUse, requested QL 184)","No capture and no unique client-data inference"
"EOFJ","nano-only","1","1","303348 Aura of Lost Souls (OnUse, requested QL 1)","No capture and no unique client-data inference"
"EONA","item","1","1","302080 Sealed Profession Nanodeck (OnUse, requested QL 1)","No capture and no unique client-data inference"
"EOOT","item","1","1","286437 Box of Stuff (OnUse, requested QL 300)","No capture and no unique client-data inference"
"EOVR","nano-only","1","1","304338 Holiday Nightmare (OnTerminate, requested QL 1)","No capture and no unique client-data inference"
"EOVT","nano-only","1","1","304339 Holiday Nightmare (OnTerminate, requested QL 1)","No capture and no unique client-data inference"
"EOZY","item","1","1","289643 TESTLIVE ITEM: Tier Armor Dispenser (OnUse, requested QL 100)","No capture and no unique client-data inference"
"EPOR","nano-only","1","1","304809 XX_Mission Exit (OnTerminate, requested QL 1)","No capture and no unique client-data inference"
"EPPO","item","3","2","258345 Explosif's Polychromatic Pillows (OnUse, requested QL 1) | 273045 TESTLIVEITEM: StarterPack (OnUse, requested QL 300) | 273045 TESTLIVEITEM: StarterPack (OnUse, requested QL 300)","No capture and no unique client-data inference"
"EPPY","item","1","1","258343 Explosif's Polychromatic Pillows (OnUse, requested QL 1)","No capture and no unique client-data inference"
"EPTS","item","1","1","275890 Epithelium Biopsy Mixer (1) (OnUse, requested QL 1)","No capture and no unique client-data inference"
"ERBO","item","1","1","270382 Gift Wrapped Entertainer Outfit (OnUse, requested QL 1)","No capture and no unique client-data inference"
"ERCR","item","1","1","288008 Energy Carbine Scope (OnUse, requested QL 1)","No capture and no unique client-data inference"
"ERLX","item","1","1","272325 Phasefront Phantom-Series Collection (OnUse, requested QL 100)","No capture and no unique client-data inference"
"ETDE","item","4","2","303652 Vacuum Packed Elite Desert Nomad Armor (OnUse, requested QL 300) | 303652 Vacuum Packed Elite Desert Nomad Armor (OnUse, requested QL 300) | 303653 Vacuum Packed Elite Desert Nomad Armor (OnUse, requested QL 300)","No capture and no unique client-data inference"
"ETDR","item","2","2","303652 Vacuum Packed Elite Desert Nomad Armor (OnUse, requested QL 300) | 303653 Vacuum Packed Elite Desert Nomad Armor (OnUse, requested QL 300)","No capture and no unique client-data inference"
"ETDS","item","4","2","303652 Vacuum Packed Elite Desert Nomad Armor (OnUse, requested QL 300) | 303652 Vacuum Packed Elite Desert Nomad Armor (OnUse, requested QL 300) | 303653 Vacuum Packed Elite Desert Nomad Armor (OnUse, requested QL 300)","No capture and no unique client-data inference"
"ETGL","item","1","1","270382 Gift Wrapped Entertainer Outfit (OnUse, requested QL 1)","No capture and no unique client-data inference"
"ETIP","item","1","1","260763 Ethereal Spirit of Berserker Rage (OnUse, requested QL 205)","No capture and no unique client-data inference"
"ETSP","item","1","1","260764 Ethereal Implant of Berserker Rage (OnUse, requested QL 205)","No capture and no unique client-data inference"
"ETTI","item","1","1","275892 Epithelium Biopsy Mixer (3) (OnUse, requested QL 1)","No capture and no unique client-data inference"
"EVOT","item","1","1","280724 Envy of the Xan (OnUse, requested QL 300)","No capture and no unique client-data inference"
"EVST","item","3","3","117567 Clan (OnEnter, requested QL 1) | 117568 Neutral (OnEnter, requested QL 1) | 117569 Omni-Tek (OnEnter, requested QL 1)","No capture and no unique client-data inference"
"EVVR","nano-only","1","1","304337 Holiday Nightmare (OnTerminate, requested QL 1)","No capture and no unique client-data inference"
"EVVT","nano-only","1","1","302836 Sleeping Nightmare (OnTerminate, requested QL 1)","No capture and no unique client-data inference"
"EVVX","nano-only","1","1","302837 Sleeping Nightmare (OnTerminate, requested QL 1)","No capture and no unique client-data inference"
"EXCN","item","2","2","275244 Event Item Spawn (OnUse, requested QL 1) | 275378 Anniversary Gift (OnUse, requested QL 1)","No capture and no unique client-data inference"
"EXCO","item","1","1","304170 Box of Guns (OnUse, requested QL 160)","No capture and no unique client-data inference"
"EXCY","item","1","1","295820 TESTLIVEITEM: StarterPack (OnUse, requested QL 190)","No capture and no unique client-data inference"
"EXFR","nano-only","1","1","278943 Ruins Exit Portal Buff (OnTerminate, requested QL 1)","No capture and no unique client-data inference"
"EXPC","item","1","1","294853 ""Chocolate Exultation"" Gift Box (OnUse, requested QL 1)","No capture and no unique client-data inference"
"EXPE","item","1","1","294853 ""Chocolate Exultation"" Gift Box (OnUse, requested QL 1)","No capture and no unique client-data inference"
"EXPO","item","1","1","258344 Explosif's Polychromatic Pillows (OnUse, requested QL 1)","No capture and no unique client-data inference"
"EXSH","item","1","1","270398 Gift Wrapped Executive Outfit (OnUse, requested QL 1)","No capture and no unique client-data inference"
"EYVE","nano-only","1","1","302712 Altar of Pain (OnTerminate, requested QL 1)","No capture and no unique client-data inference"
"EYVR","nano-only","2","1","245411 Pandemonium 3 (OnTerminate, requested QL 1) | 245411 Pandemonium 3 (OnTerminate, requested QL 1)","No capture and no unique client-data inference"
"EYVT","nano-only","1","1","302828 Sleeping Nightmare (OnTerminate, requested QL 1)","No capture and no unique client-data inference"
"EYVX","nano-only","1","1","302884 Sleeping Nightmare (OnTerminate, requested QL 1)","No capture and no unique client-data inference"
"F2KX","item","1","1","289645 TESTLIVE ITEM: Tier Armor Dispenser (OnUse, requested QL 220)","No capture and no unique client-data inference"
"FAHE","item","1","1","294748 Floating Heart Lantern - Full (OnUse, requested QL 1)","No capture and no unique client-data inference"
"FATS","nano-only","1","1","290075 A Shirt for You (OnUse, requested QL 1)","No capture and no unique client-data inference"
"FAVN","nano-only","1","1","302819 Aura of Vengeful Flame (OnUse, requested QL 1)","No capture and no unique client-data inference"
"FCSE","item","1","1","286434 Box of Stuff (OnUse, requested QL 200)","No capture and no unique client-data inference"
"FCSZ","item","1","1","304005 Sealed Symbiant and Spirit Package (OnUse, requested QL 215)","No capture and no unique client-data inference"
"FDAR","item","1","1","304170 Box of Guns (OnUse, requested QL 96)","No capture and no unique client-data inference"
"FDTI","item","1","1","302322 Frigidstorm's T-shirt Spawner (OnUse, requested QL 1)","No capture and no unique client-data inference"
"FEAP","item","1","1","295820 TESTLIVEITEM: StarterPack (OnUse, requested QL 160)","No capture and no unique client-data inference"
"FECB","item","1","1","285354 Vacuum Packed Cyborg Costume (OnUse, requested QL 1)","No capture and no unique client-data inference"
"FEIN","item","1","1","303444 Pack of Beacons (OnUse, requested QL 1)","No capture and no unique client-data inference"
"FEMA","item","1","1","270379 Gift Wrapped Maid Outfit (OnUse, requested QL 1)","No capture and no unique client-data inference"
"FENA","item","1","1","302080 Sealed Profession Nanodeck (OnUse, requested QL 1)","No capture and no unique client-data inference"
"FESM","nano-only","5","5","155345 Bootleg Beamers 'n Bolters (OP-C) (OnUse, requested QL 100) | 155346 Bootleg Beamers 'n Bolters (OP-LXXX) (OnUse, requested QL 80) | 155347 Bootleg Beamers 'n Bolters (OP-LX) (OnUse, requested QL 60)","No capture and no unique client-data inference"
"FESO","nano-only","5","5","155340 Bootleg Beamers 'n Bolters (OP-CC) (OnUse, requested QL 200) | 155341 Bootleg Beamers 'n Bolters (OP-CLXXX) (OnUse, requested QL 180) | 155342 Bootleg Beamers 'n Bolters (OP-CLX) (OnUse, requested QL 160)","No capture and no unique client-data inference"
"FEVV","item","1","1","289575 Stolen Gift (OnUse, requested QL 1)","No capture and no unique client-data inference"
"FFMV","item","1","1","288688 Plasma Cannon Scope (OnUse, requested QL 1)","No capture and no unique client-data inference"
"FFSE","item","1","1","270383 Gift Wrapped Firefighter's Costume (OnUse, requested QL 1)","No capture and no unique client-data inference"
"FFTS","nano-only","1","1","296056 A Shirt for You (OnUse, requested QL 1)","No capture and no unique client-data inference"
"FFXV","item","1","1","248257 Bureaucrat Nanoprogram Container (OnUse, requested QL 1)","Retail sniff required: normal versus damaged crystal"
"FGAT","item","1","1","270384 Gift Wrapped Flight Attendant Uniform (OnUse, requested QL 1)","No capture and no unique client-data inference"
"FIAE","item","1","1","270384 Gift Wrapped Flight Attendant Uniform (OnUse, requested QL 1)","No capture and no unique client-data inference"
"FIBT","item","1","1","270383 Gift Wrapped Firefighter's Costume (OnUse, requested QL 1)","No capture and no unique client-data inference"
"FIGI","item","5","5","160979 Hack Grid Data Stream (OnUse, requested QL 1) | 160981 Hack Grid Data Stream (OnUse, requested QL 1) | 275057 Full Data Receptacle Container (OnUse, requested QL 1)","No capture and no unique client-data inference"
"FIGL","item","1","1","270383 Gift Wrapped Firefighter's Costume (OnUse, requested QL 1)","No capture and no unique client-data inference"
"FIJK","item","1","1","270383 Gift Wrapped Firefighter's Costume (OnUse, requested QL 1)","No capture and no unique client-data inference"
"FISH","item","2","2","239760 Box of Nanocrystals (OnUse, requested QL 300) | 239761 Box of Nanocrystals (OnUse, requested QL 1)","No capture and no unique client-data inference"
"FIUN","item","3","2","274218 Spawn Christmas Gift (OnUse, requested QL 1) | 301742 Wrapped Gift (OnUse, requested QL 1) | 301742 Wrapped Gift (OnUse, requested QL 1)","No capture and no unique client-data inference"
"FLAE","item","1","1","270384 Gift Wrapped Flight Attendant Uniform (OnUse, requested QL 1)","No capture and no unique client-data inference"
"FLAT","item","1","1","270384 Gift Wrapped Flight Attendant Uniform (OnUse, requested QL 1)","No capture and no unique client-data inference"
"FLBA","item","1","1","245456 Box with Swim Wear (OnUse, requested QL 150)","No capture and no unique client-data inference"
"FLCC","item","1","1","285607 From Collector (OnTerminate, requested QL 1)","No capture and no unique client-data inference"
"FLCF","item","1","1","270413 Gift Wrapped Cloak Assortment #1 (OnUse, requested QL 1)","No capture and no unique client-data inference"
"FLCK","item","1","1","270413 Gift Wrapped Cloak Assortment #1 (OnUse, requested QL 1)","No capture and no unique client-data inference"
"FLFR","item","1","1","273546 Angel's Trumpet (OnUse, requested QL 1)","No capture and no unique client-data inference"
"FLSV","item","1","1","304492 Vacuum Packed Frontline Surveyor Armor (OnUse, requested QL 1)","No capture and no unique client-data inference"
"FLVL","item","1","1","303443 Bundle of Opulence (OnUse, requested QL 1)","No capture and no unique client-data inference"
"FLWN","item","2","2","289584 Stolen Gift (OnUse, requested QL 1) | 289586 Stolen Gift (OnUse, requested QL 1)","No capture and no unique client-data inference"
"FNMB","item","1","1","270379 Gift Wrapped Maid Outfit (OnUse, requested QL 1)","No capture and no unique client-data inference"
"FNSR","item","1","1","304492 Vacuum Packed Frontline Surveyor Armor (OnUse, requested QL 1)","No capture and no unique client-data inference"
"FNSV","item","2","1","304492 Vacuum Packed Frontline Surveyor Armor (OnUse, requested QL 1) | 304492 Vacuum Packed Frontline Surveyor Armor (OnUse, requested QL 1)","No capture and no unique client-data inference"
"FOC0","item","1","1","289645 TESTLIVE ITEM: Tier Armor Dispenser (OnUse, requested QL 220)","No capture and no unique client-data inference"
"FOFR","item","1","1","265796 Cardboard Palm (OnUse, requested QL 1)","No capture and no unique client-data inference"
"FOHR","item","1","1","294748 Floating Heart Lantern - Full (OnUse, requested QL 1)","No capture and no unique client-data inference"
"FOHT","item","1","1","302049 Sealed Black Heart Lantern (OnUse, requested QL 1)","No capture and no unique client-data inference"
"FOSV","item","1","1","304492 Vacuum Packed Frontline Surveyor Armor (OnUse, requested QL 1)","No capture and no unique client-data inference"
"FOSY","item","1","1","304492 Vacuum Packed Frontline Surveyor Armor (OnUse, requested QL 1)","No capture and no unique client-data inference"
"FOXW","item","2","2","289606 TESTLIVE ITEM: OFAB Armor Dispenser (OnUse, requested QL 1) | 289607 TESTLIVE ITEM: OFAB Armor Dispenser (OnUse, requested QL 300)","No capture and no unique client-data inference"
"FPXG","item","1","1","268714 Shopping Bag (OnUse, requested QL 1)","No capture and no unique client-data inference"
"FRKL","item","1","1","289643 TESTLIVE ITEM: Tier Armor Dispenser (OnUse, requested QL 100)","No capture and no unique client-data inference"
"FRMD","item","1","1","270379 Gift Wrapped Maid Outfit (OnUse, requested QL 1)","No capture and no unique client-data inference"
"FRMO","item","220","1","304375 ZZZ (OnUse, requested QL 148) | 304375 ZZZ (OnUse, requested QL 147) | 304375 ZZZ (OnUse, requested QL 146)","No capture and no unique client-data inference"
"FRNI","item","2","2","273044 TESTLIVEITEM: StarterPack (OnUse, requested QL 1) | 295820 TESTLIVEITEM: StarterPack (OnUse, requested QL 1)","No capture and no unique client-data inference"
"FRPN","item","1","1","270383 Gift Wrapped Firefighter's Costume (OnUse, requested QL 1)","No capture and no unique client-data inference"
"FRSG","nano-only","6","3","152179 Restock Ammo (Level OP-XX) (OnUse, requested QL 1) | 152179 Restock Ammo (Level OP-XX) (OnUse, requested QL 1) | 152180 Restock Ammo (Level OP-II) (OnUse, requested QL 1)","No capture and no unique client-data inference"
"FRSI","nano-only","5","5","155335 Smuggler Shipment (OP-C) (OnUse, requested QL 100) | 155336 Smuggler Shipment (OP-LXXX) (OnUse, requested QL 80) | 155337 Smuggler Shipment (OP-LX) (OnUse, requested QL 60)","No capture and no unique client-data inference"
"FRSO","nano-only","5","5","155330 Smuggler Shipment (OP-CC) (OnUse, requested QL 200) | 155331 Smuggler Shipment (OP-CLXXX) (OnUse, requested QL 180) | 155332 Smuggler Shipment (OP-CLX) (OnUse, requested QL 160)","No capture and no unique client-data inference"
"FRSY","item","1","1","304492 Vacuum Packed Frontline Surveyor Armor (OnUse, requested QL 1)","No capture and no unique client-data inference"
"FTSR","item","1","1","304492 Vacuum Packed Frontline Surveyor Armor (OnUse, requested QL 1)","No capture and no unique client-data inference"
"FTTS","item","1","1","302324 Futti's T-shirt Spawner (OnUse, requested QL 1)","No capture and no unique client-data inference"
"FUHU","item","1","1","303700 Dust Brigade Technician Datapad (OnUse, requested QL 1)","No capture and no unique client-data inference"
"FUST","item","1","1","304492 Vacuum Packed Frontline Surveyor Armor (OnUse, requested QL 1)","No capture and no unique client-data inference"
"FUVJ","item","4","4","223575 Half Digested Human Arms (OnUse, requested QL 1) | 223576 Half Digested Human Arms (OnUse, requested QL 300) | 224038 Sanctified and Cleaned Human Arms (OnUse, requested QL 1)","No capture and no unique client-data inference"
"FW0E","item","1","1","305232 Box of Things and Garbage (OnUse, requested QL 160)","No capture and no unique client-data inference"
"FWDF","item","1","1","268711 Shopping Bag (OnUse, requested QL 1)","No capture and no unique client-data inference"
"FXIM","item","8","8","303740 Sealed Implant and Spirit Package (OnUse, requested QL 1) | 303741 Sealed Implant and Spirit Package (OnUse, requested QL 200) | 304000 Sealed Implant and Spirit Package (OnUse, requested QL 25)","No capture and no unique client-data inference"
"FXSH","item","1","1","290096 Profession Shirt Spawner (OnUse, requested QL 1)","No capture and no unique client-data inference"
"FXSM","nano-only","5","5","155355 Bootleg Blades 'n Blunts (OP-C) (OnUse, requested QL 100) | 155356 Bootleg Blades 'n Blunts (OP-LXXX) (OnUse, requested QL 80) | 155357 Bootleg Blades 'n Blunts (OP-LX) (OnUse, requested QL 60)","No capture and no unique client-data inference"
"FXSO","nano-only","5","5","155350 Bootleg Blades 'n Blunts (OP-CC) (OnUse, requested QL 200) | 155351 Bootleg Blades 'n Blunts (OP-CLXXX) (OnUse, requested QL 180) | 155352 Bootleg Blades 'n Blunts (OP-CLX) (OnUse, requested QL 160)","No capture and no unique client-data inference"
"FXSU","nano-only","6","3","129714 Restock Ammo (Level OP-I) (OnUse, requested QL 1) | 152181 Restock Ammo (Level OP-C) (OnUse, requested QL 1) | 152181 Restock Ammo (Level OP-C) (OnUse, requested QL 1)","No capture and no unique client-data inference"
"G23V","item","1","1","305232 Box of Things and Garbage (OnUse, requested QL 160)","No capture and no unique client-data inference"
"G57J","item","1","1","289645 TESTLIVE ITEM: Tier Armor Dispenser (OnUse, requested QL 220)","No capture and no unique client-data inference"
"GABF","item","1","1","270376 Gift Wrapped Gunman's Outfit (OnUse, requested QL 1)","No capture and no unique client-data inference"
"GACA","item","1","1","270378 Gift Wrapped Black Leather Outfit (OnUse, requested QL 1)","No capture and no unique client-data inference"
"GAI7","item","3","3","273044 TESTLIVEITEM: StarterPack (OnUse, requested QL 44) | 273045 TESTLIVEITEM: StarterPack (OnUse, requested QL 44) | 304170 Box of Guns (OnUse, requested QL 44)","No capture and no unique client-data inference"
"GAWB","item","1","1","270420 Gift Wrapped Clothing Pack: Costume Assortment #3 (OnUse, requested QL 1)","No capture and no unique client-data inference"
"GAWC","item","1","1","270421 Gift Wrapped Clothing Pack: Accessories and Cloaks Assortment (OnUse, requested QL 1)","No capture and no unique client-data inference"
"GAWD","item","1","1","270418 Gift Wrapped Clothing Pack: Costume Assortment #1 (OnUse, requested QL 1)","No capture and no unique client-data inference"
"GAWS","item","1","1","270419 Gift Wrapped Clothing Pack: Costume Assortment #2 (OnUse, requested QL 1)","No capture and no unique client-data inference"
"GAWX","item","1","1","270420 Gift Wrapped Clothing Pack: Costume Assortment #3 (OnUse, requested QL 1)","No capture and no unique client-data inference"
"GC51","item","2","2","302060 Nophex 3D Printer: Love Edition (OnUse, requested QL 1) | 302061 Nophex Mass Deluxe 3D Printing (OnUse, requested QL 1)","No capture and no unique client-data inference"
"GDSO","item","1","1","289176 Wicked Tights of the East (Replica) (OnUse, requested QL 1)","No capture and no unique client-data inference"
"GDWD","item","1","1","270421 Gift Wrapped Clothing Pack: Accessories and Cloaks Assortment (OnUse, requested QL 1)","No capture and no unique client-data inference"
"GDWP","item","1","1","270420 Gift Wrapped Clothing Pack: Costume Assortment #3 (OnUse, requested QL 1)","No capture and no unique client-data inference"
"GEOT","nano-only","1","1","304061 Give Sick (OnTerminate, requested QL 1)","No capture and no unique client-data inference"
"GEPP","item","2","2","290621 Standard Lottery Ticket (OnUse, requested QL 300) | 300766 Premium Lottery Ticket (OnUse, requested QL 300)","No capture and no unique client-data inference"
"GERV","item","4","4","295830 NPE Playfield Item (OnUse, requested QL 1) | 304365 Clans (OnEnter, requested QL 1) | 304366 Neutral (OnEnter, requested QL 1)","No capture and no unique client-data inference"
"GETN","item","1","1","290257 Yellow Thong (OnUse, requested QL 1)","No capture and no unique client-data inference"
"GETS","nano-only","1","1","290074 A Shirt for You (OnUse, requested QL 1)","No capture and no unique client-data inference"
"GEWD","item","1","1","270419 Gift Wrapped Clothing Pack: Costume Assortment #2 (OnUse, requested QL 1)","No capture and no unique client-data inference"
"GEWE","item","1","1","270420 Gift Wrapped Clothing Pack: Costume Assortment #3 (OnUse, requested QL 1)","No capture and no unique client-data inference"
"GF2V","item","1","1","289645 TESTLIVE ITEM: Tier Armor Dispenser (OnUse, requested QL 220)","No capture and no unique client-data inference"
"GFWA","item","1","1","270418 Gift Wrapped Clothing Pack: Costume Assortment #1 (OnUse, requested QL 1)","No capture and no unique client-data inference"
"GFWD","item","1","1","270420 Gift Wrapped Clothing Pack: Costume Assortment #3 (OnUse, requested QL 1)","No capture and no unique client-data inference"
"GFWE","item","1","1","270418 Gift Wrapped Clothing Pack: Costume Assortment #1 (OnUse, requested QL 1)","No capture and no unique client-data inference"
"GHOO","nano-only","1","1","304061 Give Sick (OnTerminate, requested QL 1)","No capture and no unique client-data inference"
"GIAM","nano-only","1","1","155189 Summon Grid Armor Mk IV (OnUse, requested QL 198)","No capture and no unique client-data inference"
"GIAO","nano-only","1","1","155187 Summon Grid Armor Mk III (OnUse, requested QL 111)","No capture and no unique client-data inference"
"GIBO","item","1","1","253362 Gilbert's Book (OnUse, requested QL 1)","No capture and no unique client-data inference"
"GIHA","item","1","1","253362 Gilbert's Book (OnUse, requested QL 1)","No capture and no unique client-data inference"
"GIOF","item","1","1","286434 Box of Stuff (OnUse, requested QL 110)","No capture and no unique client-data inference"
"GIOH","nano-only","1","1","290288 Control Center (OnTerminate, requested QL 1)","No capture and no unique client-data inference"
"GIQM","item","1","1","289645 TESTLIVE ITEM: Tier Armor Dispenser (OnUse, requested QL 220)","No capture and no unique client-data inference"
"GISU","item","1","1","224081 Gilthar's Winter Pants (OnUse, requested QL 150)","No capture and no unique client-data inference"
"GJKN","item","1","1","160583 Hologram Projector: Barrel (OnUse, requested QL 1)","No capture and no unique client-data inference"
"GLMA","item","1","1","286435 Box of Stuff (OnUse, requested QL 200)","No capture and no unique client-data inference"
"GLOT","item","1","1","286433 Box of Stuff (OnUse, requested QL 300)","No capture and no unique client-data inference"
"GLTO","nano-only","1","1","290288 Control Center (OnTerminate, requested QL 1)","No capture and no unique client-data inference"
"GLWF","item","1","1","270419 Gift Wrapped Clothing Pack: Costume Assortment #2 (OnUse, requested QL 1)","No capture and no unique client-data inference"
"GMAK","nano-only","1","1","155188 Summon Grid Armor Mk II (OnUse, requested QL 111)","No capture and no unique client-data inference"
"GNIQ","item","1","1","305232 Box of Things and Garbage (OnUse, requested QL 160)","No capture and no unique client-data inference"
"GNNA","item","1","1","296569 Generic Nano Transmitter (OnTerminate, requested QL 1)","No capture and no unique client-data inference"
"GNSL","item","1","1","270376 Gift Wrapped Gunman's Outfit (OnUse, requested QL 1)","No capture and no unique client-data inference"
"GNTR","nano-only","1","1","296134 A Shirt for You (OnUse, requested QL 1)","No capture and no unique client-data inference"
"GNVU","item","1","1","288326 Placard - Are We There Yet? (OnUse, requested QL 1)","No capture and no unique client-data inference"
"GOAC","nano-only","1","1","154977 Creation: Gold Acantophis (OnUse, requested QL 187)","No capture and no unique client-data inference"
"GOGL","item","1","1","273046 TESTLIVEITEM: StarterPack (OnUse, requested QL 1)","No capture and no unique client-data inference"
"GOIN","item","2","1","286426 Box of Stuff (OnUse, requested QL 300) | 286426 Box of Stuff (OnUse, requested QL 250)","No capture and no unique client-data inference"
"GOMY","item","2","2","270414 Gift Wrapped Cloak Assortment #2 (OnUse, requested QL 1) | 270415 Gift Wrapped Cloak Assortment #3 (OnUse, requested QL 1)","No capture and no unique client-data inference"
"GOOP","item","220","1","304377 ZZZ (OnUse, requested QL 148) | 304377 ZZZ (OnUse, requested QL 147) | 304377 ZZZ (OnUse, requested QL 146)","No capture and no unique client-data inference"
"GOSO","item","1","1","273028 Wicked Tights of the East (OnUse, requested QL 1)","No capture and no unique client-data inference"
"GOWE","item","1","1","270420 Gift Wrapped Clothing Pack: Costume Assortment #3 (OnUse, requested QL 1)","No capture and no unique client-data inference"
"GPWB","item","1","1","270420 Gift Wrapped Clothing Pack: Costume Assortment #3 (OnUse, requested QL 1)","No capture and no unique client-data inference"
"GPWD","item","1","1","270418 Gift Wrapped Clothing Pack: Costume Assortment #1 (OnUse, requested QL 1)","No capture and no unique client-data inference"
"GPWE","item","1","1","270418 Gift Wrapped Clothing Pack: Costume Assortment #1 (OnUse, requested QL 1)","No capture and no unique client-data inference"
"GPWR","item","1","1","270420 Gift Wrapped Clothing Pack: Costume Assortment #3 (OnUse, requested QL 1)","No capture and no unique client-data inference"
"GPWU","item","1","1","270420 Gift Wrapped Clothing Pack: Costume Assortment #3 (OnUse, requested QL 1)","No capture and no unique client-data inference"
"GQP7","item","1","1","259625 Quest to kill Remur (OnUse, requested QL 9)","No capture and no unique client-data inference"
"GRAO","nano-only","1","1","155186 Summon Grid Armor Mk I (OnUse, requested QL 78)","No capture and no unique client-data inference"
"GRTA","item","1","1","270412 Gift Wrapped Top Assortment (OnUse, requested QL 1)","No capture and no unique client-data inference"
"GRWB","item","1","1","270419 Gift Wrapped Clothing Pack: Costume Assortment #2 (OnUse, requested QL 1)","No capture and no unique client-data inference"
"GRWC","item","1","1","270421 Gift Wrapped Clothing Pack: Accessories and Cloaks Assortment (OnUse, requested QL 1)","No capture and no unique client-data inference"
"GRWD","item","1","1","270421 Gift Wrapped Clothing Pack: Accessories and Cloaks Assortment (OnUse, requested QL 1)","No capture and no unique client-data inference"
"GRWO","item","1","1","270421 Gift Wrapped Clothing Pack: Accessories and Cloaks Assortment (OnUse, requested QL 1)","No capture and no unique client-data inference"
"GRWR","item","1","1","270421 Gift Wrapped Clothing Pack: Accessories and Cloaks Assortment (OnUse, requested QL 1)","No capture and no unique client-data inference"
"GSSA","item","1","1","283494 Lifetime VIP Membership (OnUse, requested QL 1)","No capture and no unique client-data inference"
"GTFR","item","1","1","302556 Gift of the Desert Rider (OnEnter, requested QL 1)","No capture and no unique client-data inference"
"GTOO","item","2","2","304059 Gift of the Hollow Reaper (OnEnter, requested QL 1) | 304063 Gift of the Hollow Reaper (OnEnter, requested QL 1)","No capture and no unique client-data inference"
"GTWA","item","1","1","270418 Gift Wrapped Clothing Pack: Costume Assortment #1 (OnUse, requested QL 1)","No capture and no unique client-data inference"
"GTWD","item","1","1","270419 Gift Wrapped Clothing Pack: Costume Assortment #2 (OnUse, requested QL 1)","No capture and no unique client-data inference"
"GTWE","item","1","1","270419 Gift Wrapped Clothing Pack: Costume Assortment #2 (OnUse, requested QL 1)","No capture and no unique client-data inference"
"GTWI","item","1","1","224080 Gilthar's Summer Shorts (OnUse, requested QL 150)","No capture and no unique client-data inference"
"GTWP","item","1","1","270418 Gift Wrapped Clothing Pack: Costume Assortment #1 (OnUse, requested QL 1)","No capture and no unique client-data inference"
"GTWR","item","1","1","270418 Gift Wrapped Clothing Pack: Costume Assortment #1 (OnUse, requested QL 1)","No capture and no unique client-data inference"
"GUID","item","1","1","281455 Sacrificed Corpses (OnUse, requested QL 1)","No capture and no unique client-data inference"
"GUNN","item","440","2","305223 Box of Things and Garbage (OnUse, requested QL 148) | 305223 Box of Things and Garbage (OnUse, requested QL 147) | 305223 Box of Things and Garbage (OnUse, requested QL 146)","No capture and no unique client-data inference"
"GUPN","item","1","1","270376 Gift Wrapped Gunman's Outfit (OnUse, requested QL 1)","No capture and no unique client-data inference"
"GUSH","item","1","1","270376 Gift Wrapped Gunman's Outfit (OnUse, requested QL 1)","No capture and no unique client-data inference"
"GW0M","item","1","1","303464 Nophex Vanity Voucher (OnUse, requested QL 300)","No capture and no unique client-data inference"
"GWWD","item","1","1","270419 Gift Wrapped Clothing Pack: Costume Assortment #2 (OnUse, requested QL 1)","No capture and no unique client-data inference"
"GWWE","item","1","1","270418 Gift Wrapped Clothing Pack: Costume Assortment #1 (OnUse, requested QL 1)","No capture and no unique client-data inference"
"GWWI","item","1","1","270419 Gift Wrapped Clothing Pack: Costume Assortment #2 (OnUse, requested QL 1)","No capture and no unique client-data inference"
"GWWN","item","1","1","270419 Gift Wrapped Clothing Pack: Costume Assortment #2 (OnUse, requested QL 1)","No capture and no unique client-data inference"
"GWWO","item","1","1","270421 Gift Wrapped Clothing Pack: Accessories and Cloaks Assortment (OnUse, requested QL 1)","No capture and no unique client-data inference"
"GWWP","item","1","1","270418 Gift Wrapped Clothing Pack: Costume Assortment #1 (OnUse, requested QL 1)","No capture and no unique client-data inference"
"GWWR","item","1","1","270421 Gift Wrapped Clothing Pack: Accessories and Cloaks Assortment (OnUse, requested QL 1)","No capture and no unique client-data inference"
"GWWS","item","1","1","270420 Gift Wrapped Clothing Pack: Costume Assortment #3 (OnUse, requested QL 1)","No capture and no unique client-data inference"
"GWWT","item","1","1","270421 Gift Wrapped Clothing Pack: Accessories and Cloaks Assortment (OnUse, requested QL 1)","No capture and no unique client-data inference"
"GWWU","item","1","1","270419 Gift Wrapped Clothing Pack: Costume Assortment #2 (OnUse, requested QL 1)","No capture and no unique client-data inference"
"GXTH","nano-only","1","1","290928 A Shirt for You (OnUse, requested QL 1)","No capture and no unique client-data inference"
"GYCO","item","1","1","274728 Explosion of Light (OnUse, requested QL 1)","No capture and no unique client-data inference"
"GYTO","item","1","1","290254 Black Thong (OnUse, requested QL 1)","No capture and no unique client-data inference"
"H1NL","item","1","1","289644 TESTLIVE ITEM: Tier Armor Dispenser (OnUse, requested QL 160)","No capture and no unique client-data inference"
"H64M","item","220","1","305222 Box of Things and Garbage (OnUse, requested QL 148) | 305222 Box of Things and Garbage (OnUse, requested QL 147) | 305222 Box of Things and Garbage (OnUse, requested QL 146)","No capture and no unique client-data inference"
"HAMI","item","1","1","259901 Christmas Tree (OnUse, requested QL 1)","No capture and no unique client-data inference"
"HAPK","item","1","1","302047 Sealed Red Ball (OnUse, requested QL 1)","No capture and no unique client-data inference"
"HAWR","item","1","1","303441 Hiisi Initiate Bundle (OnUse, requested QL 1)","No capture and no unique client-data inference"
"HBCF","item","1","1","272323 Phasefront Banshee-Series Collection (OnUse, requested QL 1)","No capture and no unique client-data inference"
"HBCR","item","1","1","272323 Phasefront Banshee-Series Collection (OnUse, requested QL 1)","No capture and no unique client-data inference"
"HDAF","item","1","1","272324 Phasefront Ghost-Series Collection (OnUse, requested QL 100)","No capture and no unique client-data inference"
"HEA4","item","1","1","272324 Phasefront Ghost-Series Collection (OnUse, requested QL 100)","No capture and no unique client-data inference"
"HECX","item","1","1","272323 Phasefront Banshee-Series Collection (OnUse, requested QL 1)","No capture and no unique client-data inference"
"HEDI","item","4","4","223568 Half Digested Human Head (OnUse, requested QL 1) | 223569 Half Digested Human Head (OnUse, requested QL 300) | 224040 Sanctified and Cleaned Human Head (OnUse, requested QL 1)","No capture and no unique client-data inference"
"HEGL","item","1","1","270373 Gift Wrapped Hero's Costume (OnUse, requested QL 1)","No capture and no unique client-data inference"
"HFBJ","item","1","1","270373 Gift Wrapped Hero's Costume (OnUse, requested QL 1)","No capture and no unique client-data inference"
"HGSH","nano-only","1","1","276659 Hemmoraging Shot (OnTerminate, requested QL 1)","No capture and no unique client-data inference"
"HHSH","nano-only","1","1","276659 Hemmoraging Shot (OnTerminate, requested QL 1)","No capture and no unique client-data inference"
"HHSU","item","1","1","302982 Vacuum Packed Hiisi Pupil Armor (OnUse, requested QL 1)","No capture and no unique client-data inference"
"HIAX","item","1","1","272322 Phasefront Spectre-Series Collection (OnUse, requested QL 1)","No capture and no unique client-data inference"
"HIDI","item","1","1","281455 Sacrificed Corpses (OnUse, requested QL 1)","No capture and no unique client-data inference"
"HIGE","item","1","1","302982 Vacuum Packed Hiisi Pupil Armor (OnUse, requested QL 1)","No capture and no unique client-data inference"
"HIHM","item","1","1","302982 Vacuum Packed Hiisi Pupil Armor (OnUse, requested QL 1)","No capture and no unique client-data inference"
"HIHR","item","1","1","289576 Stolen Gift (OnUse, requested QL 1)","No capture and no unique client-data inference"
"HINS","item","1","1","284986 Snowflake Etching Machine - Flake #8 (OnUse, requested QL 1)","No capture and no unique client-data inference"
"HIXW","item","1","1","301796 Sealed Santa Suit (OnUse, requested QL 1)","No capture and no unique client-data inference"
"HKAE","item","1","1","272322 Phasefront Spectre-Series Collection (OnUse, requested QL 1)","No capture and no unique client-data inference"
"HKAT","item","1","1","272322 Phasefront Spectre-Series Collection (OnUse, requested QL 1)","No capture and no unique client-data inference"
"HKAX","item","1","1","272322 Phasefront Spectre-Series Collection (OnUse, requested QL 1)","No capture and no unique client-data inference"
"HKBX","item","1","1","272321 Phasefront Wraith-Series Collection (OnUse, requested QL 1)","No capture and no unique client-data inference"
"HKTS","nano-only","1","1","296142 A Shirt for You (OnUse, requested QL 1)","No capture and no unique client-data inference"
"HLMO","item","1","1","160608 Hologram Projector: Mossy Rock (OnUse, requested QL 1)","No capture and no unique client-data inference"
"HLNN","item","1","1","284999 Snowflake Etching Machine - Flake #5 (OnUse, requested QL 1)","No capture and no unique client-data inference"
"HLNO","item","1","1","285000 Snowflake Etching Machine - Flake #6 (OnUse, requested QL 1)","No capture and no unique client-data inference"
"HLNS","item","1","1","284985 Snowflake Etching Machine - Flake #7 (OnUse, requested QL 1)","No capture and no unique client-data inference"
"HLUX","item","1","1","302320 Abeadan's T-shirt Spawner (OnUse, requested QL 1)","No capture and no unique client-data inference"
"HMSH","nano-only","1","1","276659 Hemmoraging Shot (OnTerminate, requested QL 1)","No capture and no unique client-data inference"
"HNAN","item","4","4","223570 Half Digested Human Hands and Wrists (OnUse, requested QL 1) | 223571 Half Digested Human Hands and Wrists (OnUse, requested QL 300) | 224042 Sanctified and Cleaned Human Hands and Wrists (OnUse, requested QL 1)","No capture and no unique client-data inference"
"HNLE","item","1","1","281793 Birthday Placard - OMG Cyclop!! (OnUse, requested QL 1)","No capture and no unique client-data inference"
"HOA1","item","1","1","272324 Phasefront Ghost-Series Collection (OnUse, requested QL 100)","No capture and no unique client-data inference"
"HOAS","item","1","1","272324 Phasefront Ghost-Series Collection (OnUse, requested QL 100)","No capture and no unique client-data inference"
"HOCX","item","1","1","272323 Phasefront Banshee-Series Collection (OnUse, requested QL 1)","No capture and no unique client-data inference"
"HOEI","item","1","1","261609 OT AF Commander Datapad (OnUse, requested QL 1)","No capture and no unique client-data inference"
"HOEV","item","1","1","261607 Sentinel Commander Datapad (OnUse, requested QL 1)","No capture and no unique client-data inference"
"HOJO","item","1","1","160607 Hologram Projector: Jokka Tree (OnUse, requested QL 1)","No capture and no unique client-data inference"
"HOMT","item","1","1","160605 Hologram Projector: Metal Crate (OnUse, requested QL 1)","No capture and no unique client-data inference"
"HORO","item","1","1","160609 Hologram Projector: Rock Block (OnUse, requested QL 1)","No capture and no unique client-data inference"
"HOWO","item","1","1","160606 Hologram Projector: Wood Crate (OnUse, requested QL 1)","No capture and no unique client-data inference"
"HPPD","item","1","1","289168 Sad Panda Mask (Replica) (OnUse, requested QL 1)","No capture and no unique client-data inference"
"HPPN","item","1","1","277386 Sad Panda Mask (OnUse, requested QL 1)","No capture and no unique client-data inference"
"HPSW","item","1","1","294035 Sad Snowman Mask (OnUse, requested QL 1)","No capture and no unique client-data inference"
"HPYB","item","1","1","289643 TESTLIVE ITEM: Tier Armor Dispenser (OnUse, requested QL 100)","No capture and no unique client-data inference"
"HRAH","item","1","1","272324 Phasefront Ghost-Series Collection (OnUse, requested QL 100)","No capture and no unique client-data inference"
"HRAN","item","1","1","272322 Phasefront Spectre-Series Collection (OnUse, requested QL 1)","No capture and no unique client-data inference"
"HRCX","item","1","1","272323 Phasefront Banshee-Series Collection (OnUse, requested QL 1)","No capture and no unique client-data inference"
"HRPN","item","1","1","270373 Gift Wrapped Hero's Costume (OnUse, requested QL 1)","No capture and no unique client-data inference"
"HSCP","item","1","1","303441 Hiisi Initiate Bundle (OnUse, requested QL 1)","No capture and no unique client-data inference"
"HSGA","item","1","1","302982 Vacuum Packed Hiisi Pupil Armor (OnUse, requested QL 1)","No capture and no unique client-data inference"
"HSPU","item","1","1","302982 Vacuum Packed Hiisi Pupil Armor (OnUse, requested QL 1)","No capture and no unique client-data inference"
"HSRN","item","1","1","303441 Hiisi Initiate Bundle (OnUse, requested QL 1)","No capture and no unique client-data inference"
"HSZS","item","4","4","295830 NPE Playfield Item (OnUse, requested QL 1) | 304365 Clans (OnEnter, requested QL 1) | 304366 Neutral (OnEnter, requested QL 1)","No capture and no unique client-data inference"
"HTAD","item","220","1","304371 ZZZ (OnUse, requested QL 148) | 304371 ZZZ (OnUse, requested QL 147) | 304371 ZZZ (OnUse, requested QL 146)","No capture and no unique client-data inference"
"HTAN","item","220","1","304372 ZZZ (OnUse, requested QL 148) | 304372 ZZZ (OnUse, requested QL 147) | 304372 ZZZ (OnUse, requested QL 146)","No capture and no unique client-data inference"
"HTAS","item","1","1","272322 Phasefront Spectre-Series Collection (OnUse, requested QL 1)","No capture and no unique client-data inference"
"HTAT","item","1","1","272324 Phasefront Ghost-Series Collection (OnUse, requested QL 100)","No capture and no unique client-data inference"
"HTBJ","item","1","1","270373 Gift Wrapped Hero's Costume (OnUse, requested QL 1)","No capture and no unique client-data inference"
"HTSU","item","1","1","302982 Vacuum Packed Hiisi Pupil Armor (OnUse, requested QL 1)","No capture and no unique client-data inference"
"HVCT","item","1","1","272323 Phasefront Banshee-Series Collection (OnUse, requested QL 1)","No capture and no unique client-data inference"
"HVSO","item","1","1","270373 Gift Wrapped Hero's Costume (OnUse, requested QL 1)","No capture and no unique client-data inference"
"HVSS","item","2","1","302982 Vacuum Packed Hiisi Pupil Armor (OnUse, requested QL 1) | 302982 Vacuum Packed Hiisi Pupil Armor (OnUse, requested QL 1)","No capture and no unique client-data inference"
"HVWM","item","1","1","274728 Explosion of Light (OnUse, requested QL 1)","No capture and no unique client-data inference"
"HXBM","item","1","1","272325 Phasefront Phantom-Series Collection (OnUse, requested QL 100)","No capture and no unique client-data inference"
"HXBO","item","1","1","272325 Phasefront Phantom-Series Collection (OnUse, requested QL 100)","No capture and no unique client-data inference"
"HXBU","item","1","1","272325 Phasefront Phantom-Series Collection (OnUse, requested QL 100)","No capture and no unique client-data inference"
"HXBW","item","1","1","272321 Phasefront Wraith-Series Collection (OnUse, requested QL 1)","No capture and no unique client-data inference"
"HXNH","item","1","1","289645 TESTLIVE ITEM: Tier Armor Dispenser (OnUse, requested QL 220)","No capture and no unique client-data inference"
"I5X1","item","1","1","305232 Box of Things and Garbage (OnUse, requested QL 100)","No capture and no unique client-data inference"
"I6N5","item","2","2","302060 Nophex 3D Printer: Love Edition (OnUse, requested QL 1) | 302061 Nophex Mass Deluxe 3D Printing (OnUse, requested QL 1)","No capture and no unique client-data inference"
"I9G1","item","1","1","305232 Box of Things and Garbage (OnUse, requested QL 100)","No capture and no unique client-data inference"
"IAAR","item","1","1","304170 Box of Guns (OnUse, requested QL 30)","No capture and no unique client-data inference"
"IATE","item","1","1","301802 Sealed Pack-a-way Christmas Tree (OnUse, requested QL 1)","No capture and no unique client-data inference"
"ICDA","item","1","1","301803 Sealed Icicle Dagger (OnUse, requested QL 1)","No capture and no unique client-data inference"
"ICIE","item","1","1","296578 ICC Identification Card (OnTerminate, requested QL 1)","No capture and no unique client-data inference"
"IEGR","item","1","1","303440 Garden Access Pack (OnUse, requested QL 1)","No capture and no unique client-data inference"
"IERC","nano-only","31","1","297342 Spirit Siphon (OnUse, requested QL 200) | 297342 Spirit Siphon (OnUse, requested QL 210) | 297342 Spirit Siphon (OnUse, requested QL 220)","No capture and no unique client-data inference"
"IESN","nano-only","1","1","206372 Inner Sanctum Entrance Portal (OnTerminate, requested QL 1)","No capture and no unique client-data inference"
"IEST","item","1","1","207107 Sealed Inner Sanctum Pass (OnUse, requested QL 1)","No capture and no unique client-data inference"
"IESU","item","1","1","273046 TESTLIVEITEM: StarterPack (OnUse, requested QL 1)","No capture and no unique client-data inference"
"IFTL","item","1","1","286238 Equipment Pack (OnUse, requested QL 10)","No capture and no unique client-data inference"
"IH63","item","1","1","289645 TESTLIVE ITEM: Tier Armor Dispenser (OnUse, requested QL 220)","No capture and no unique client-data inference"
"IIRI","item","1","1","236152 Insipid  Ring (OnUse, requested QL 1)","No capture and no unique client-data inference"
"IJYH","item","1","1","290395 Entrance Spawner (OnTerminate, requested QL 1)","No capture and no unique client-data inference"
"IK7M","item","10","10","303740 Sealed Implant and Spirit Package (OnUse, requested QL 1) | 303741 Sealed Implant and Spirit Package (OnUse, requested QL 200) | 303742 Sealed Symbiant and Spirit Package (OnUse, requested QL 215)","No capture and no unique client-data inference"
"IMU8","item","2","1","286561 Silver Chest of the Collector (OnUse, requested QL 300) | 286561 Silver Chest of the Collector (OnUse, requested QL 300)","No capture and no unique client-data inference"
"INCN","item","2","2","270414 Gift Wrapped Cloak Assortment #2 (OnUse, requested QL 1) | 270415 Gift Wrapped Cloak Assortment #3 (OnUse, requested QL 1)","No capture and no unique client-data inference"
"INDI","item","25","23","156695 Personal Safe (OnUse, requested QL 80) | 156696 Personal Safe (OnUse, requested QL 30) | 163965 Lootgiver Type 4 (OnWear, requested QL 1)","No capture and no unique client-data inference"
"INRN","item","1","1","236152 Insipid  Ring (OnUse, requested QL 1)","No capture and no unique client-data inference"
"IOX3","item","220","1","304379 ZZZ (OnUse, requested QL 148) | 304379 ZZZ (OnUse, requested QL 147) | 304379 ZZZ (OnUse, requested QL 146)","No capture and no unique client-data inference"
"IPRI","item","1","1","236152 Insipid  Ring (OnUse, requested QL 1)","No capture and no unique client-data inference"
"IPRN","item","1","1","236152 Insipid  Ring (OnUse, requested QL 1)","No capture and no unique client-data inference"
"IQRI","item","2","1","273045 TESTLIVEITEM: StarterPack (OnUse, requested QL 184) | 273045 TESTLIVEITEM: StarterPack (OnUse, requested QL 184)","No capture and no unique client-data inference"
"IRIG","item","2","1","286426 Box of Stuff (OnUse, requested QL 300) | 286426 Box of Stuff (OnUse, requested QL 250)","No capture and no unique client-data inference"
"IRSC","nano-only","1","1","303206 Inner Sanctum Gateway (OnTerminate, requested QL 1)","No capture and no unique client-data inference"
"IRSN","nano-only","1","1","206373 Inner Sanctum Gateway 1 (OnTerminate, requested QL 1)","No capture and no unique client-data inference"
"ISHM","nano-only","1","1","302709 Altar of Pain (OnUse, requested QL 1)","No capture and no unique client-data inference"
"ISRI","item","1","1","236152 Insipid  Ring (OnUse, requested QL 1)","No capture and no unique client-data inference"
"ISSC","nano-only","1","1","206374 Inner Sanctum Gateway 2 (OnTerminate, requested QL 1)","No capture and no unique client-data inference"
"ISTT","item","1","1","303647 Self-Deploying Tent (OnUse, requested QL 1)","No capture and no unique client-data inference"
"ITDC","item","122","111","163963 Lootgiver Type 3 (OnWear, requested QL 400) | 163964 Lootgiver Type 3 (OnWear, requested QL 1) | 163967 Lootgiver Type 6 (OnWear, requested QL 1)","No capture and no unique client-data inference"
"IUCA","item","1","1","303444 Pack of Beacons (OnUse, requested QL 1)","No capture and no unique client-data inference"
"IUVI","item","1","1","273046 TESTLIVEITEM: StarterPack (OnUse, requested QL 300)","No capture and no unique client-data inference"
"IWCJ","item","222","3","304168 Box of Nanocrystals (OnUse, requested QL 1) | 304169 Box of Nanocrystals (OnUse, requested QL 1) | 304400 YYY (OnUse, requested QL 148)","No capture and no unique client-data inference"
"IWIR","item","2","2","289606 TESTLIVE ITEM: OFAB Armor Dispenser (OnUse, requested QL 1) | 289607 TESTLIVE ITEM: OFAB Armor Dispenser (OnUse, requested QL 300)","No capture and no unique client-data inference"
"IXLF","item","1","1","288327 Placard - IDKWTF (OnUse, requested QL 1)","No capture and no unique client-data inference"
"IXYB","item","4","4","295830 NPE Playfield Item (OnUse, requested QL 1) | 304365 Clans (OnEnter, requested QL 1) | 304366 Neutral (OnEnter, requested QL 1)","No capture and no unique client-data inference"
"IYSF","item","1","1","302982 Vacuum Packed Hiisi Pupil Armor (OnUse, requested QL 1)","No capture and no unique client-data inference"
"J9VK","item","1","1","305232 Box of Things and Garbage (OnUse, requested QL 100)","No capture and no unique client-data inference"
"JA6Z","item","1","1","289645 TESTLIVE ITEM: Tier Armor Dispenser (OnUse, requested QL 220)","No capture and no unique client-data inference"
"JAGL","item","1","1","303443 Bundle of Opulence (OnUse, requested QL 1)","No capture and no unique client-data inference"
"JAGR","item","1","1","270406 Gift Wrapped Footwear Assortment (OnUse, requested QL 1)","No capture and no unique client-data inference"
"JATS","nano-only","1","1","290933 A Shirt for You (OnUse, requested QL 1)","No capture and no unique client-data inference"
"JBRP","item","2","2","302501 Gift of the Desert Rider (OnUse, requested QL 1) | 304592 Loren Warr's Equipment Cache (OnUse, requested QL 1)","No capture and no unique client-data inference"
"JBX9","item","2","2","301824 Nophex 3D Printer: Holiday Edition (OnUse, requested QL 1) | 301825 Nophex Mass Deluxe 3D Printing (OnUse, requested QL 1)","No capture and no unique client-data inference"
"JDWI","item","1","1","281792 Birthday Placard - No Duckie! (OnUse, requested QL 1)","No capture and no unique client-data inference"
"JH7T","item","1","1","289645 TESTLIVE ITEM: Tier Armor Dispenser (OnUse, requested QL 220)","No capture and no unique client-data inference"
"JIBK","item","1","1","262160 Vortex Spawner (OnTerminate, requested QL 1)","No capture and no unique client-data inference"
"JIIG","item","1","1","294555 TESTLIVEITEM: Deluxe Box of Nanocrystals (OnUse, requested QL 1)","No capture and no unique client-data inference"
"JIOB","item","2","2","303429 Sealed Junior Ofab Weapons - Ranged Combat (OnUse, requested QL 1) | 303430 Sealed Junior Ofab Weapons - Ranged Combat (OnUse, requested QL 220)","No capture and no unique client-data inference"
"JIOF","item","2","2","303429 Sealed Junior Ofab Weapons - Ranged Combat (OnUse, requested QL 1) | 303430 Sealed Junior Ofab Weapons - Ranged Combat (OnUse, requested QL 220)","No capture and no unique client-data inference"
"JIOM","item","4","2","303427 Sealed Junior Ofab Weapons - Close Quarters (OnUse, requested QL 1) | 303427 Sealed Junior Ofab Weapons - Close Quarters (OnUse, requested QL 1) | 303428 Sealed Junior Ofab Weapons - Close Quarters (OnUse, requested QL 220)","No capture and no unique client-data inference"
"JIOT","item","2","2","303429 Sealed Junior Ofab Weapons - Ranged Combat (OnUse, requested QL 1) | 303430 Sealed Junior Ofab Weapons - Ranged Combat (OnUse, requested QL 220)","No capture and no unique client-data inference"
"JNDE","item","1","1","302328 Mussagana's T-shirt Spawner (OnUse, requested QL 1)","No capture and no unique client-data inference"
"JNOA","item","4","2","303429 Sealed Junior Ofab Weapons - Ranged Combat (OnUse, requested QL 1) | 303429 Sealed Junior Ofab Weapons - Ranged Combat (OnUse, requested QL 1) | 303430 Sealed Junior Ofab Weapons - Ranged Combat (OnUse, requested QL 220)","No capture and no unique client-data inference"
"JNOB","item","4","2","303427 Sealed Junior Ofab Weapons - Close Quarters (OnUse, requested QL 1) | 303427 Sealed Junior Ofab Weapons - Close Quarters (OnUse, requested QL 1) | 303428 Sealed Junior Ofab Weapons - Close Quarters (OnUse, requested QL 220)","No capture and no unique client-data inference"
"JNOF","item","4","2","303427 Sealed Junior Ofab Weapons - Close Quarters (OnUse, requested QL 1) | 303427 Sealed Junior Ofab Weapons - Close Quarters (OnUse, requested QL 1) | 303428 Sealed Junior Ofab Weapons - Close Quarters (OnUse, requested QL 220)","No capture and no unique client-data inference"
"JNOS","item","2","2","303429 Sealed Junior Ofab Weapons - Ranged Combat (OnUse, requested QL 1) | 303430 Sealed Junior Ofab Weapons - Ranged Combat (OnUse, requested QL 220)","No capture and no unique client-data inference"
"JOBU","item","1","1","227909 Excellent Jobe Suit Support System (OnUse, requested QL 220)","No capture and no unique client-data inference"
"JODU","item","1","1","286435 Box of Stuff (OnUse, requested QL 200)","No capture and no unique client-data inference"
"JOEG","item","1","1","227909 Excellent Jobe Suit Support System (OnUse, requested QL 220)","No capture and no unique client-data inference"
"JOFI","item","1","1","227909 Excellent Jobe Suit Support System (OnUse, requested QL 220)","No capture and no unique client-data inference"
"JOKE","item","1","1","227909 Excellent Jobe Suit Support System (OnUse, requested QL 220)","No capture and no unique client-data inference"
"JOME","item","1","1","227909 Excellent Jobe Suit Support System (OnUse, requested QL 220)","No capture and no unique client-data inference"
"JOMO","item","1","1","301691 Sealed JOBE Modified Unlearning Device (OnUse, requested QL 1)","No capture and no unique client-data inference"
"JONN","item","1","1","227909 Excellent Jobe Suit Support System (OnUse, requested QL 220)","No capture and no unique client-data inference"
"JOOA","item","2","2","303427 Sealed Junior Ofab Weapons - Close Quarters (OnUse, requested QL 1) | 303428 Sealed Junior Ofab Weapons - Close Quarters (OnUse, requested QL 220)","No capture and no unique client-data inference"
"JOOW","item","2","2","303427 Sealed Junior Ofab Weapons - Close Quarters (OnUse, requested QL 1) | 303428 Sealed Junior Ofab Weapons - Close Quarters (OnUse, requested QL 220)","No capture and no unique client-data inference"
"JOSA","item","1","1","227909 Excellent Jobe Suit Support System (OnUse, requested QL 220)","No capture and no unique client-data inference"
"JOTR","item","1","1","227909 Excellent Jobe Suit Support System (OnUse, requested QL 220)","No capture and no unique client-data inference"
"JQTH","nano-only","1","1","290934 A Shirt for You (OnUse, requested QL 1)","No capture and no unique client-data inference"
"JSTS","nano-only","1","1","290926 A Shirt for You (OnUse, requested QL 1)","No capture and no unique client-data inference"
"JUOA","item","4","2","303427 Sealed Junior Ofab Weapons - Close Quarters (OnUse, requested QL 1) | 303427 Sealed Junior Ofab Weapons - Close Quarters (OnUse, requested QL 1) | 303428 Sealed Junior Ofab Weapons - Close Quarters (OnUse, requested QL 220)","No capture and no unique client-data inference"
"JUOB","item","2","2","303429 Sealed Junior Ofab Weapons - Ranged Combat (OnUse, requested QL 1) | 303430 Sealed Junior Ofab Weapons - Ranged Combat (OnUse, requested QL 220)","No capture and no unique client-data inference"
"JUTR","item","1","1","273045 TESTLIVEITEM: StarterPack (OnUse, requested QL 32)","No capture and no unique client-data inference"
"JVLQ","item","2","2","303461 Vacuum Packed Stripped Silencer Armor (OnUse, requested QL 1) | 303462 Vacuum Packed Stripped Silencer Armor (OnUse, requested QL 220)","No capture and no unique client-data inference"
"K41X","item","220","1","304378 ZZZ (OnUse, requested QL 148) | 304378 ZZZ (OnUse, requested QL 147) | 304378 ZZZ (OnUse, requested QL 146)","No capture and no unique client-data inference"
"K8PA","item","1","1","305232 Box of Things and Garbage (OnUse, requested QL 160)","No capture and no unique client-data inference"
"KAOF","item","1","1","304638 Vacuum Packed Yamauchi's Regalia (OnUse, requested QL 1)","No capture and no unique client-data inference"
"KASU","item","1","1","273046 TESTLIVEITEM: StarterPack (OnUse, requested QL 1)","No capture and no unique client-data inference"
"KATN","item","1","1","284436 Kappa Tuning Unit - Inactive (OnUse, requested QL 1)","No capture and no unique client-data inference"
"KDVH","item","1","1","272321 Phasefront Wraith-Series Collection (OnUse, requested QL 1)","No capture and no unique client-data inference"
"KESH","item","2","2","239760 Box of Nanocrystals (OnUse, requested QL 300) | 239761 Box of Nanocrystals (OnUse, requested QL 1)","No capture and no unique client-data inference"
"KESR","item","1","1","290096 Profession Shirt Spawner (OnUse, requested QL 1)","No capture and no unique client-data inference"
"KGN1","item","1","1","304280 Vacuum Packed Kryoguard N-1N Armor (OnUse, requested QL 1)","No capture and no unique client-data inference"
"KGNN","item","2","1","304280 Vacuum Packed Kryoguard N-1N Armor (OnUse, requested QL 1) | 304280 Vacuum Packed Kryoguard N-1N Armor (OnUse, requested QL 1)","No capture and no unique client-data inference"
"KHTI","nano-only","1","1","296136 A Shirt for You (OnUse, requested QL 1)","No capture and no unique client-data inference"
"KJMR","item","1","1","287551 kLoathing - Squares: Blue Shirt (OnUse, requested QL 1)","No capture and no unique client-data inference"
"KLNL","nano-only","1","1","304810 XX_Mission Exit (OnTerminate, requested QL 1)","No capture and no unique client-data inference"
"KLXI","nano-only","1","1","275852 Creation: Shield of Esa (OnUse, requested QL 215)","No capture and no unique client-data inference"
"KLYT","item","2","1","303267 Vacuum Packed Silencer Armor (OnUse, requested QL 1) | 303267 Vacuum Packed Silencer Armor (OnUse, requested QL 1)","No capture and no unique client-data inference"
"KMBO","item","1","1","270411 Gift Wrapped Tattoo Assortment (OnUse, requested QL 1)","No capture and no unique client-data inference"
"KMTZ","item","220","1","305236 Box of Things and Garbage (OnUse, requested QL 148) | 305236 Box of Things and Garbage (OnUse, requested QL 147) | 305236 Box of Things and Garbage (OnUse, requested QL 146)","No capture and no unique client-data inference"
"KNTI","item","1","1","302326 Kanura's T-shirt Spawner (OnUse, requested QL 1)","No capture and no unique client-data inference"
"KOBL","item","1","1","270407 Gift Wrapped Thong Assortment (OnUse, requested QL 1)","No capture and no unique client-data inference"
"KON1","item","1","1","304280 Vacuum Packed Kryoguard N-1N Armor (OnUse, requested QL 1)","No capture and no unique client-data inference"
"KPH8","item","1","1","304592 Loren Warr's Equipment Cache (OnUse, requested QL 1)","No capture and no unique client-data inference"
"KPND","item","1","1","302080 Sealed Profession Nanodeck (OnUse, requested QL 1)","No capture and no unique client-data inference"
"KRN1","item","1","1","304280 Vacuum Packed Kryoguard N-1N Armor (OnUse, requested QL 1)","No capture and no unique client-data inference"
"KSVB","nano-only","1","1","290405 Somnolence Song (OnTerminate, requested QL 1)","No capture and no unique client-data inference"
"KTTH","nano-only","1","1","290073 A Shirt for You (OnUse, requested QL 1)","No capture and no unique client-data inference"
"KUNB","item","1","1","304280 Vacuum Packed Kryoguard N-1N Armor (OnUse, requested QL 1)","No capture and no unique client-data inference"
"KYAR","item","10","1","287934 Spawn Item - Salvage Artifact (OnUse, requested QL 1) | 287934 Spawn Item - Salvage Artifact (OnUse, requested QL 1) | 287934 Spawn Item - Salvage Artifact (OnUse, requested QL 1)","No capture and no unique client-data inference"
"KYGP","item","1","1","287993 Test Tube (OnUse, requested QL 1)","No capture and no unique client-data inference"
"KYN1","item","1","1","304280 Vacuum Packed Kryoguard N-1N Armor (OnUse, requested QL 1)","No capture and no unique client-data inference"
"KYNG","item","1","1","304280 Vacuum Packed Kryoguard N-1N Armor (OnUse, requested QL 1)","No capture and no unique client-data inference"
"KZLR","item","2","2","289606 TESTLIVE ITEM: OFAB Armor Dispenser (OnUse, requested QL 1) | 289607 TESTLIVE ITEM: OFAB Armor Dispenser (OnUse, requested QL 300)","No capture and no unique client-data inference"
"L02M","item","20","1","304381 ZZZ (OnUse, requested QL 230) | 304381 ZZZ (OnUse, requested QL 235) | 304381 ZZZ (OnUse, requested QL 229)","No capture and no unique client-data inference"
"L0IM","item","200","1","304381 ZZZ (OnUse, requested QL 134) | 304381 ZZZ (OnUse, requested QL 133) | 304381 ZZZ (OnUse, requested QL 132)","No capture and no unique client-data inference"
"L4XI","item","1","1","289643 TESTLIVE ITEM: Tier Armor Dispenser (OnUse, requested QL 100)","No capture and no unique client-data inference"
"L8R6","item","1","1","305232 Box of Things and Garbage (OnUse, requested QL 100)","No capture and no unique client-data inference"
"LABA","item","2","2","273046 TESTLIVEITEM: StarterPack (OnUse, requested QL 1) | 295820 TESTLIVEITEM: StarterPack (OnUse, requested QL 1)","No capture and no unique client-data inference"
"LABP","item","1","1","273044 TESTLIVEITEM: StarterPack (OnUse, requested QL 1)","No capture and no unique client-data inference"
"LABW","item","1","1","273045 TESTLIVEITEM: StarterPack (OnUse, requested QL 22)","No capture and no unique client-data inference"
"LADN","item","1","1","268683 Unicorn Laser Cage Beacon - (ULCB) (OnUse, requested QL 1)","No capture and no unique client-data inference"
"LANU","item","1","1","286463 Quark Building Template Containment Field (OnUse, requested QL 300)","No capture and no unique client-data inference"
"LAOM","item","1","1","286465 Quark Building Template Containment Field (OnUse, requested QL 300)","No capture and no unique client-data inference"
"LAZB","item","1","1","268455 Large Zigball Banners - Milky Way Monsters (OnUse, requested QL 1)","No capture and no unique client-data inference"
"LAZI","item","1","1","268459 Large Zigball Banners - Newland Angry Trouts (OnUse, requested QL 1)","No capture and no unique client-data inference"
"LBCO","item","2","2","270414 Gift Wrapped Cloak Assortment #2 (OnUse, requested QL 1) | 270415 Gift Wrapped Cloak Assortment #3 (OnUse, requested QL 1)","No capture and no unique client-data inference"
"LDVH","item","1","1","272325 Phasefront Phantom-Series Collection (OnUse, requested QL 100)","No capture and no unique client-data inference"
"LEAD","item","4","4","223572 Half Digested Human Legs and Feet (OnUse, requested QL 1) | 223573 Half Digested Human Legs and Feet (OnUse, requested QL 300) | 224044 Sanctified and Cleaned Human Legs and Feet (OnUse, requested QL 1)","No capture and no unique client-data inference"
"LEBK","item","1","1","273043 TESTLIVEITEM: StarterPack (OnUse, requested QL 1)","No capture and no unique client-data inference"
"LEDO","item","2","2","301879 Michizure's Plaything 2 (OnUse, requested QL 1) | 304143 Michizure's Plaything 2 (OnUse, requested QL 1)","No capture and no unique client-data inference"
"LEFZ","item","1","1","289573 Stolen Gift (OnUse, requested QL 1)","No capture and no unique client-data inference"
"LEHI","item","1","1","270409 Gift Wrapped Hipster Assortment (OnUse, requested QL 1)","No capture and no unique client-data inference"
"LEHP","item","1","1","270409 Gift Wrapped Hipster Assortment (OnUse, requested QL 1)","No capture and no unique client-data inference"
"LEZG","item","1","1","268454 Large Zigball Banners - Galway Titans (OnUse, requested QL 1)","No capture and no unique client-data inference"
"LFJT","item","1","1","263977 EMP Mine Layer (OnUse, requested QL 1)","No capture and no unique client-data inference"
"LFNQ","item","1","1","301823 Sealed Yalmaha - 29500 - The Stiletto (OnUse, requested QL 1)","No capture and no unique client-data inference"
"LGZG","item","1","1","268453 Large Zigball Banners - Clondyke Galaxy (OnUse, requested QL 1)","No capture and no unique client-data inference"
"LGZI","item","1","1","268452 Large Zigball Banners - Tir Defenders (OnUse, requested QL 1)","No capture and no unique client-data inference"
"LHBZ","nano-only","1","1","304941 Eat Pant (OnTerminate, requested QL 1)","No capture and no unique client-data inference"
"LIVI","item","1","1","283494 Lifetime VIP Membership (OnUse, requested QL 1)","No capture and no unique client-data inference"
"LJDP","item","2","2","302501 Gift of the Desert Rider (OnUse, requested QL 1) | 304592 Loren Warr's Equipment Cache (OnUse, requested QL 1)","No capture and no unique client-data inference"
"LJH8","item","1","1","305232 Box of Things and Garbage (OnUse, requested QL 100)","No capture and no unique client-data inference"
"LLLC","item","4","2","157808 Container: Clan Application Form (OnUse, requested QL 1) | 157808 Container: Clan Application Form (OnUse, requested QL 1) | 157810 Container: Clan Application Form (OnUse, requested QL 201)","No capture and no unique client-data inference"
"LLLO","item","4","2","157807 Container: Omni-Tek Application Form (OnUse, requested QL 201) | 157807 Container: Omni-Tek Application Form (OnUse, requested QL 201) | 157809 Container: Omni-Tek Application Form (OnUse, requested QL 1)","No capture and no unique client-data inference"
"LMSI","item","1","1","283494 Lifetime VIP Membership (OnUse, requested QL 1)","No capture and no unique client-data inference"
"LNTS","nano-only","1","1","290077 A Shirt for You (OnUse, requested QL 1)","No capture and no unique client-data inference"
"LNWA","nano-only","1","1","304589 Eat Pant (OnTerminate, requested QL 1)","No capture and no unique client-data inference"
"LOAY","item","2","2","303461 Vacuum Packed Stripped Silencer Armor (OnUse, requested QL 1) | 303462 Vacuum Packed Stripped Silencer Armor (OnUse, requested QL 220)","No capture and no unique client-data inference"
"LOLI","item","1","1","286433 Box of Stuff (OnUse, requested QL 300)","No capture and no unique client-data inference"
"LOWR","nano-only","1","1","304589 Eat Pant (OnTerminate, requested QL 1)","No capture and no unique client-data inference"
"LQA0","item","4","4","295830 NPE Playfield Item (OnUse, requested QL 1) | 304365 Clans (OnEnter, requested QL 1) | 304366 Neutral (OnEnter, requested QL 1)","No capture and no unique client-data inference"
"LRCL","item","1","1","286464 Quark Building Template Containment Field (OnUse, requested QL 300)","No capture and no unique client-data inference"
"LRZA","item","1","1","268451 Large Zigball Banners - 4 Holes Cogs (OnUse, requested QL 1)","No capture and no unique client-data inference"
"LRZB","item","1","1","268450 Large Zigball Banners - Avalon Cleavers (OnUse, requested QL 1)","No capture and no unique client-data inference"
"LRZI","item","1","1","268449 Large Zigball Banners - West Athen Chargers (OnUse, requested QL 1)","No capture and no unique client-data inference"
"LRZL","item","1","1","268456 Large Zigball Banners - Rome Red Raidas (OnUse, requested QL 1)","No capture and no unique client-data inference"
"LSDE","item","2","2","267119 Orbital Alien Detonator (OnUse, requested QL 1) | 267130 Orbital Alien Detonator (OnUse, requested QL 1)","No capture and no unique client-data inference"
"LSTA","item","3","3","259782 Laser Tagging Device (OnUse, requested QL 1) | 267119 Orbital Alien Detonator (OnUse, requested QL 1) | 267130 Orbital Alien Detonator (OnUse, requested QL 1)","No capture and no unique client-data inference"
"LTTB","item","2","2","289606 TESTLIVE ITEM: OFAB Armor Dispenser (OnUse, requested QL 1) | 289607 TESTLIVE ITEM: OFAB Armor Dispenser (OnUse, requested QL 300)","No capture and no unique client-data inference"
"LUCU","item","1","1","157339 Miyashiro Superior Menthol Coffee Machine (OnUse, requested QL 1)","No capture and no unique client-data inference"
"LVSH","nano-only","1","1","154969 Creation: Living Shield of Evernan (OnUse, requested QL 109)","No capture and no unique client-data inference"
"LVWS","item","1","1","301805 Sealed Nano Crystal (Pronouncement of Cuteness) (OnUse, requested QL 1)","No capture and no unique client-data inference"
"LWVJ","nano-only","1","1","303086 Sleeping Nightmare (OnTerminate, requested QL 1)","No capture and no unique client-data inference"
"LWWA","item","1","1","304591 Loren Warr's Equipment Cache (OnEnter, requested QL 1)","No capture and no unique client-data inference"
"LZZG","item","1","1","268457 Large Zigball Banners - Stret West Explorers (OnUse, requested QL 1)","No capture and no unique client-data inference"
"M5VI","item","7","7","205843 Christmas Gift (OnUse, requested QL 1) | 274210 Christmas Gift (OnUse, requested QL 1) | 285006 Christmas Gift (OnUse, requested QL 1)","No capture and no unique client-data inference"
"M9GQ","item","5","5","274212 Christmas Gift (OnUse, requested QL 1) | 285009 Christmas Gift (OnUse, requested QL 1) | 285014 Christmas Gift (OnUse, requested QL 1)","No capture and no unique client-data inference"
"MAFH","item","1","1","270388 Gift Wrapped Flapper Costume (OnUse, requested QL 1)","No capture and no unique client-data inference"
"MAFN","item","1","1","270388 Gift Wrapped Flapper Costume (OnUse, requested QL 1)","No capture and no unique client-data inference"
"MAFY","item","2","2","165118 Secured May Fly Throwing Grenade (OnUse, requested QL 1) | 165119 Secured May Fly Throwing Grenade (OnUse, requested QL 200)","No capture and no unique client-data inference"
"MAHE","item","1","1","284422 Altar of the Ice (OnEnter, requested QL 1)","No capture and no unique client-data inference"
"MARA","item","1","1","273046 TESTLIVEITEM: StarterPack (OnUse, requested QL 1)","No capture and no unique client-data inference"
"MARD","item","1","1","273046 TESTLIVEITEM: StarterPack (OnUse, requested QL 1)","No capture and no unique client-data inference"
"MATI","nano-only","1","1","290079 A Shirt for You (OnUse, requested QL 1)","No capture and no unique client-data inference"
"MBMN","item","1","1","305232 Box of Things and Garbage (OnUse, requested QL 160)","No capture and no unique client-data inference"
"MBPL","item","1","1","303114 Membership Placard - Stop (OnUse, requested QL 1)","No capture and no unique client-data inference"
"MBTH","nano-only","1","1","290076 A Shirt for You (OnUse, requested QL 1)","No capture and no unique client-data inference"
"MCMW","item","1","1","289644 TESTLIVE ITEM: Tier Armor Dispenser (OnUse, requested QL 160)","No capture and no unique client-data inference"
"MCTI","item","2","2","294016 Michizure's T-shirt Spawner (OnUse, requested QL 1) | 295896 Michizure's T-Shirt Explosion (OnUse, requested QL 1)","No capture and no unique client-data inference"
"MDA4","item","1","1","286434 Box of Stuff (OnUse, requested QL 200)","No capture and no unique client-data inference"
"MDSU","item","1","1","285380 Transfer Password Information (OnUse, requested QL 1)","No capture and no unique client-data inference"
"ME7A","item","1","1","304953 Spoils of War (OnEnter, requested QL 1)","No capture and no unique client-data inference"
"MEIM","item","9","9","303740 Sealed Implant and Spirit Package (OnUse, requested QL 1) | 303741 Sealed Implant and Spirit Package (OnUse, requested QL 200) | 303742 Sealed Symbiant and Spirit Package (OnUse, requested QL 215)","No capture and no unique client-data inference"
"MELE","item","109","109","163961 Lootgiver Type 2 (OnWear, requested QL 1) | 163962 Lootgiver Type 2 (OnWear, requested QL 400) | 163966 Lootgiver Type 5 (OnWear, requested QL 1)","No capture and no unique client-data inference"
"MEPC","item","1","1","303116 Membership Placard - Duel? (OnUse, requested QL 1)","No capture and no unique client-data inference"
"MEPY","item","2","2","239760 Box of Nanocrystals (OnUse, requested QL 300) | 239761 Box of Nanocrystals (OnUse, requested QL 1)","No capture and no unique client-data inference"
"MER8","nano-only","1","1","281275 Mission Resolve G83D (OnUse, requested QL 1)","No capture and no unique client-data inference"
"MFFO","item","1","1","270388 Gift Wrapped Flapper Costume (OnUse, requested QL 1)","No capture and no unique client-data inference"
"MFQC","item","1","1","268713 Shopping Bag (OnUse, requested QL 1)","No capture and no unique client-data inference"
"MG0Y","item","220","1","305238 Box of Things and Garbage (OnUse, requested QL 148) | 305238 Box of Things and Garbage (OnUse, requested QL 147) | 305238 Box of Things and Garbage (OnUse, requested QL 146)","No capture and no unique client-data inference"
"MGTS","nano-only","1","1","290929 A Shirt for You (OnUse, requested QL 1)","No capture and no unique client-data inference"
"MHFN","item","1","1","292826 Miiir Bridal Collection - Tropical Beauty (Sealed Package) (OnUse, requested QL 1)","No capture and no unique client-data inference"
"MHSH","item","1","1","290096 Profession Shirt Spawner (OnUse, requested QL 1)","No capture and no unique client-data inference"
"MHZH","item","1","1","262802 Borealis Protest Placard - No Unicorns (OnUse, requested QL 1)","No capture and no unique client-data inference"
"MICB","item","2","2","303461 Vacuum Packed Stripped Silencer Armor (OnUse, requested QL 1) | 303462 Vacuum Packed Stripped Silencer Armor (OnUse, requested QL 220)","No capture and no unique client-data inference"
"MIDJ","item","1","1","270414 Gift Wrapped Cloak Assortment #2 (OnUse, requested QL 1)","No capture and no unique client-data inference"
"MIET","nano-only","1","1","301690 XX_Mission Exit (OnTerminate, requested QL 1)","No capture and no unique client-data inference"
"MIFB","item","1","1","292827 Miiir Bridal Collection - Blossoming Love (Sealed Package) (OnUse, requested QL 1)","No capture and no unique client-data inference"
"MIFD","item","1","1","292828 Miiir Bridal Collection - Verdant Grace (Sealed Package) (OnUse, requested QL 1)","No capture and no unique client-data inference"
"MIFS","item","1","1","248262 Martial Artist Nanoprogram Container (OnUse, requested QL 1)","Retail sniff required: normal versus damaged crystal"
"MIMD","nano-only","1","1","223337 Military-Grade Marauder M-45 (OnUse, requested QL 219)","No capture and no unique client-data inference"
"MIQD","item","1","1","283494 Lifetime VIP Membership (OnUse, requested QL 1)","No capture and no unique client-data inference"
"MIZB","item","2","2","304559 Vacuum Packed Crude Silencer Armor (OnUse, requested QL 1) | 304560 Vacuum Packed Crude Silencer Armor (OnUse, requested QL 220)","No capture and no unique client-data inference"
"MJHE","item","1","1","284421 Altar of the Flame (OnEnter, requested QL 1)","No capture and no unique client-data inference"
"MKL1","item","1","1","286441 Golden Chest of the Collector (OnUse, requested QL 300)","No capture and no unique client-data inference"
"MLAH","item","1","1","290096 Profession Shirt Spawner (OnUse, requested QL 1)","No capture and no unique client-data inference"
"MMHA","item","1","1","270385 Gift Wrapped Mummy Costume (OnUse, requested QL 1)","No capture and no unique client-data inference"
"MMPA","item","1","1","303113 Membership Placard - Offline (OnUse, requested QL 1)","No capture and no unique client-data inference"
"MMPC","item","1","1","303117 Membership Placard - OP! (OnUse, requested QL 1)","No capture and no unique client-data inference"
"MMPL","item","1","1","303118 Membership Placard - brontoburger PLS (OnUse, requested QL 1)","No capture and no unique client-data inference"
"MMWY","item","1","1","290096 Profession Shirt Spawner (OnUse, requested QL 1)","No capture and no unique client-data inference"
"MNPB","item","8","8","303740 Sealed Implant and Spirit Package (OnUse, requested QL 1) | 303741 Sealed Implant and Spirit Package (OnUse, requested QL 200) | 304000 Sealed Implant and Spirit Package (OnUse, requested QL 25)","No capture and no unique client-data inference"
"MNTS","nano-only","1","1","288603 A Shirt for You (OnUse, requested QL 1)","No capture and no unique client-data inference"
"MOA4","item","1","1","286435 Box of Stuff (OnUse, requested QL 200)","No capture and no unique client-data inference"
"MOAG","item","1","1","286442 Box of Stuff (OnUse, requested QL 180)","No capture and no unique client-data inference"
"MOGU","nano-only","1","1","154974 Creation: Mocham's Guard (OnUse, requested QL 180)","No capture and no unique client-data inference"
"MOHM","nano-only","1","1","303085 Sleeping Nightmare (OnTerminate, requested QL 1)","No capture and no unique client-data inference"
"MOVS","item","1","1","290096 Profession Shirt Spawner (OnUse, requested QL 1)","No capture and no unique client-data inference"
"MP1X","item","1","1","289645 TESTLIVE ITEM: Tier Armor Dispenser (OnUse, requested QL 220)","No capture and no unique client-data inference"
"MPRA","item","1","1","273046 TESTLIVEITEM: StarterPack (OnUse, requested QL 1)","No capture and no unique client-data inference"
"MPRE","item","1","1","273046 TESTLIVEITEM: StarterPack (OnUse, requested QL 1)","No capture and no unique client-data inference"
"MRAI","item","8","8","303740 Sealed Implant and Spirit Package (OnUse, requested QL 1) | 303741 Sealed Implant and Spirit Package (OnUse, requested QL 200) | 304000 Sealed Implant and Spirit Package (OnUse, requested QL 25)","No capture and no unique client-data inference"
"MRDJ","item","1","1","270414 Gift Wrapped Cloak Assortment #2 (OnUse, requested QL 1)","No capture and no unique client-data inference"
"MRFI","item","1","1","270388 Gift Wrapped Flapper Costume (OnUse, requested QL 1)","No capture and no unique client-data inference"
"MRKV","item","1","1","281787 Birthday Placard - QQ (OnUse, requested QL 1)","No capture and no unique client-data inference"
"MRNO","item","1","1","302080 Sealed Profession Nanodeck (OnUse, requested QL 1)","No capture and no unique client-data inference"
"MRPL","item","1","1","303115 Membership Placard - Go (OnUse, requested QL 1)","No capture and no unique client-data inference"
"MRSM","item","1","1","265477 Mineral Rich Rock (OnUseItemOn, requested QL 1)","No capture and no unique client-data inference"
"MSEI","nano-only","1","1","301686 XX_Mission Exit (OnTerminate, requested QL 1)","No capture and no unique client-data inference"
"MSET","nano-only","1","1","301687 XX_Mission Exit (OnTerminate, requested QL 1)","No capture and no unique client-data inference"
"MSFF","item","1","1","270388 Gift Wrapped Flapper Costume (OnUse, requested QL 1)","No capture and no unique client-data inference"
"MSFN","item","1","1","292825 Miiir Bridal Collection - Floral Delight (Sealed Package) (OnUse, requested QL 1)","No capture and no unique client-data inference"
"MTAH","item","2","2","239760 Box of Nanocrystals (OnUse, requested QL 300) | 239761 Box of Nanocrystals (OnUse, requested QL 1)","No capture and no unique client-data inference"
"MTNA","item","1","1","302080 Sealed Profession Nanodeck (OnUse, requested QL 1)","No capture and no unique client-data inference"
"MTNI","item","1","1","289572 Gift Wrapped Mittens (OnUse, requested QL 1)","No capture and no unique client-data inference"
"MUAR","item","1","1","270385 Gift Wrapped Mummy Costume (OnUse, requested QL 1)","No capture and no unique client-data inference"
"MUBC","item","1","1","270406 Gift Wrapped Footwear Assortment (OnUse, requested QL 1)","No capture and no unique client-data inference"
"MUBO","item","1","1","270385 Gift Wrapped Mummy Costume (OnUse, requested QL 1)","No capture and no unique client-data inference"
"MUFO","item","1","1","270385 Gift Wrapped Mummy Costume (OnUse, requested QL 1)","No capture and no unique client-data inference"
"MUHD","item","1","1","270385 Gift Wrapped Mummy Costume (OnUse, requested QL 1)","No capture and no unique client-data inference"
"MUKV","item","1","1","296162 Pinnetti, Pinnetti, and Pinnetti Orientation Package (OnUse, requested QL 1)","No capture and no unique client-data inference"
"MULE","item","1","1","270385 Gift Wrapped Mummy Costume (OnUse, requested QL 1)","No capture and no unique client-data inference"
"MUQA","item","1","1","302045 Sealed Heart-Shaped Shades (OnUse, requested QL 1)","No capture and no unique client-data inference"
"MVRE","nano-only","1","1","276636 Movement Regulation (OnTerminate, requested QL 1)","No capture and no unique client-data inference"
"MVRL","nano-only","1","1","276636 Movement Regulation (OnTerminate, requested QL 1)","No capture and no unique client-data inference"
"MVRO","nano-only","1","1","276636 Movement Regulation (OnTerminate, requested QL 1)","No capture and no unique client-data inference"
"MWNU","item","1","1","288348 Placard - I Can See You Like Meat (OnUse, requested QL 1)","No capture and no unique client-data inference"
"MYOT","item","1","1","288696 Sealed Low-Quality T-Shirt (OnUse, requested QL 1)","No capture and no unique client-data inference"
"MYPO","item","1","1","281030 Wearable: Deranged_Xan_Ring (OnTerminate, requested QL 1)","No capture and no unique client-data inference"
"MYSH","item","2","2","288586 Sealed High-Quality T-Shirt (OnUse, requested QL 300) | 288692 Sealed High-Quality T-Shirt (OnUse, requested QL 300)","No capture and no unique client-data inference"
"NA01","item","200","1","304382 ZZZ (OnUse, requested QL 134) | 304382 ZZZ (OnUse, requested QL 133) | 304382 ZZZ (OnUse, requested QL 132)","No capture and no unique client-data inference"
"NA02","item","200","1","304383 ZZZ (OnUse, requested QL 134) | 304383 ZZZ (OnUse, requested QL 133) | 304383 ZZZ (OnUse, requested QL 132)","No capture and no unique client-data inference"
"NA03","item","200","1","304384 ZZZ (OnUse, requested QL 134) | 304384 ZZZ (OnUse, requested QL 133) | 304384 ZZZ (OnUse, requested QL 132)","No capture and no unique client-data inference"
"NA11","item","20","1","304382 ZZZ (OnUse, requested QL 230) | 304382 ZZZ (OnUse, requested QL 235) | 304382 ZZZ (OnUse, requested QL 229)","No capture and no unique client-data inference"
"NA12","item","20","1","304383 ZZZ (OnUse, requested QL 230) | 304383 ZZZ (OnUse, requested QL 235) | 304383 ZZZ (OnUse, requested QL 229)","No capture and no unique client-data inference"
"NA13","item","20","1","304384 ZZZ (OnUse, requested QL 230) | 304384 ZZZ (OnUse, requested QL 235) | 304384 ZZZ (OnUse, requested QL 229)","No capture and no unique client-data inference"
"NAGR","item","1","1","303440 Garden Access Pack (OnUse, requested QL 1)","No capture and no unique client-data inference"
"NAIM","item","9","9","303740 Sealed Implant and Spirit Package (OnUse, requested QL 1) | 303741 Sealed Implant and Spirit Package (OnUse, requested QL 200) | 303742 Sealed Symbiant and Spirit Package (OnUse, requested QL 215)","No capture and no unique client-data inference"
"NASH","item","2","2","239760 Box of Nanocrystals (OnUse, requested QL 300) | 239761 Box of Nanocrystals (OnUse, requested QL 1)","No capture and no unique client-data inference"
"NASP","item","8","8","227517 Enmeshed Clusters (OnUse, requested QL 1) | 227518 Enmeshed Clusters (OnUse, requested QL 300) | 227519 Enmeshed Clusters (OnUse, requested QL 1)","No capture and no unique client-data inference"
"NAUP","item","1","1","283860 No Pumpkinheads Placard (OnUse, requested QL 1)","No capture and no unique client-data inference"
"NEEM","item","1","1","263977 EMP Mine Layer (OnUse, requested QL 1)","No capture and no unique client-data inference"
"NEEX","item","1","1","263976 Explosive Mine Layer (OnUse, requested QL 1)","No capture and no unique client-data inference"
"NEGR","item","1","1","286463 Quark Building Template Containment Field (OnUse, requested QL 300)","No capture and no unique client-data inference"
"NEIM","item","1","1","263974 Immobilization Mine Layer (OnUse, requested QL 1)","No capture and no unique client-data inference"
"NESR","item","1","1","290096 Profession Shirt Spawner (OnUse, requested QL 1)","No capture and no unique client-data inference"
"NEST","item","1","1","117568 Neutral (OnEnter, requested QL 1)","No capture and no unique client-data inference"
"NESU","item","1","1","286463 Quark Building Template Containment Field (OnUse, requested QL 300)","No capture and no unique client-data inference"
"NESW","item","1","1","286463 Quark Building Template Containment Field (OnUse, requested QL 300)","No capture and no unique client-data inference"
"NEYE","item","1","1","301794 Sealed Crunk Goblet (OnUse, requested QL 1)","No capture and no unique client-data inference"
"NHVX","nano-only","24","1","297632 Restock Special Ammo (OnUse, requested QL 160) | 297632 Restock Special Ammo (OnUse, requested QL 170) | 297632 Restock Special Ammo (OnUse, requested QL 180)","No capture and no unique client-data inference"
"NLAA","item","1","1","284718 No Snow Placard (OnUse, requested QL 1)","No capture and no unique client-data inference"
"NMTX","nano-only","1","1","276657 Numbing Toxin (OnTerminate, requested QL 1)","No capture and no unique client-data inference"
"NNGS","item","2","2","287345 Addict Shirt - White (OnUse, requested QL 1) | 289280 Addict Shirt - White (OnUse, requested QL 1)","No capture and no unique client-data inference"
"NNJF","item","1","1","287454 kLoathing - Squares: White Shirt (Special Edition) (OnUse, requested QL 1)","No capture and no unique client-data inference"
"NODE","nano-only","1","1","154976 Creation: Notum Defender (OnUse, requested QL 68)","No capture and no unique client-data inference"
"NON0","item","1","1","283862 No No Placard (OnUse, requested QL 1)","No capture and no unique client-data inference"
"NOPU","item","1","1","284185 No Less Than Three Placard (OnUse, requested QL 1)","No capture and no unique client-data inference"
"NOSQ","item","1","1","283861 No U Placard (OnUse, requested QL 1)","No capture and no unique client-data inference"
"NPIF","item","1","1","268716 Shopping Bag (OnUse, requested QL 1)","No capture and no unique client-data inference"
"NQ01","item","3","3","117567 Clan (OnEnter, requested QL 1) | 117568 Neutral (OnEnter, requested QL 1) | 117569 Omni-Tek (OnEnter, requested QL 1)","No capture and no unique client-data inference"
"NQ02","item","3","3","117567 Clan (OnEnter, requested QL 1) | 117568 Neutral (OnEnter, requested QL 1) | 117569 Omni-Tek (OnEnter, requested QL 1)","No capture and no unique client-data inference"
"NQ03","item","3","3","117567 Clan (OnEnter, requested QL 1) | 117568 Neutral (OnEnter, requested QL 1) | 117569 Omni-Tek (OnEnter, requested QL 1)","No capture and no unique client-data inference"
"NQ04","item","3","3","117567 Clan (OnEnter, requested QL 1) | 117568 Neutral (OnEnter, requested QL 1) | 117569 Omni-Tek (OnEnter, requested QL 1)","No capture and no unique client-data inference"
"NQ05","item","3","3","117567 Clan (OnEnter, requested QL 1) | 117568 Neutral (OnEnter, requested QL 1) | 117569 Omni-Tek (OnEnter, requested QL 1)","No capture and no unique client-data inference"
"NQ06","item","3","3","117567 Clan (OnEnter, requested QL 1) | 117568 Neutral (OnEnter, requested QL 1) | 117569 Omni-Tek (OnEnter, requested QL 1)","No capture and no unique client-data inference"
"NQ07","item","3","3","117567 Clan (OnEnter, requested QL 1) | 117568 Neutral (OnEnter, requested QL 1) | 117569 Omni-Tek (OnEnter, requested QL 1)","No capture and no unique client-data inference"
"NQ08","item","3","3","117567 Clan (OnEnter, requested QL 1) | 117568 Neutral (OnEnter, requested QL 1) | 117569 Omni-Tek (OnEnter, requested QL 1)","No capture and no unique client-data inference"
"NQ09","item","3","3","117567 Clan (OnEnter, requested QL 1) | 117568 Neutral (OnEnter, requested QL 1) | 117569 Omni-Tek (OnEnter, requested QL 1)","No capture and no unique client-data inference"
"NQ10","item","3","3","117567 Clan (OnEnter, requested QL 1) | 117568 Neutral (OnEnter, requested QL 1) | 117569 Omni-Tek (OnEnter, requested QL 1)","No capture and no unique client-data inference"
"NQ11","item","3","3","117567 Clan (OnEnter, requested QL 1) | 117568 Neutral (OnEnter, requested QL 1) | 117569 Omni-Tek (OnEnter, requested QL 1)","No capture and no unique client-data inference"
"NQ12","item","3","3","117567 Clan (OnEnter, requested QL 1) | 117568 Neutral (OnEnter, requested QL 1) | 117569 Omni-Tek (OnEnter, requested QL 1)","No capture and no unique client-data inference"
"NRZP","item","1","1","301804 Sealed Nano Crystal (Gingerleet) (OnUse, requested QL 1)","No capture and no unique client-data inference"
"NTCB","item","1","1","300892 Keeper Nanoprogram Container (OnUse, requested QL 1)","Retail sniff required: normal versus damaged crystal"
"NTNE","item","1","1","302080 Sealed Profession Nanodeck (OnUse, requested QL 1)","No capture and no unique client-data inference"
"NTRS","item","1","1","263975 Restraining Mine Layer (OnUse, requested QL 1)","No capture and no unique client-data inference"
"NTRV","item","1","1","302054 Sealed Amorous Shortbow (OnUse, requested QL 1)","No capture and no unique client-data inference"
"NTSR","item","3","1","286436 Box of Stuff (OnUse, requested QL 300) | 286436 Box of Stuff (OnUse, requested QL 250) | 286436 Box of Stuff (OnUse, requested QL 200)","No capture and no unique client-data inference"
"NUTO","nano-only","1","1","276657 Numbing Toxin (OnTerminate, requested QL 1)","No capture and no unique client-data inference"
"NUTX","nano-only","1","1","276657 Numbing Toxin (OnTerminate, requested QL 1)","No capture and no unique client-data inference"
"NVCK","item","1","1","286463 Quark Building Template Containment Field (OnUse, requested QL 300)","No capture and no unique client-data inference"
"NWMY","item","1","1","305232 Box of Things and Garbage (OnUse, requested QL 100)","No capture and no unique client-data inference"
"O7IG","item","1","1","305232 Box of Things and Garbage (OnUse, requested QL 160)","No capture and no unique client-data inference"
"OAFI","item","2","2","289606 TESTLIVE ITEM: OFAB Armor Dispenser (OnUse, requested QL 1) | 289607 TESTLIVE ITEM: OFAB Armor Dispenser (OnUse, requested QL 300)","No capture and no unique client-data inference"
"OAKP","item","2","2","289606 TESTLIVE ITEM: OFAB Armor Dispenser (OnUse, requested QL 1) | 289607 TESTLIVE ITEM: OFAB Armor Dispenser (OnUse, requested QL 300)","No capture and no unique client-data inference"
"OAMI","item","2","2","289606 TESTLIVE ITEM: OFAB Armor Dispenser (OnUse, requested QL 300) | 289607 TESTLIVE ITEM: OFAB Armor Dispenser (OnUse, requested QL 300)","No capture and no unique client-data inference"
"OAMP","item","2","2","289606 TESTLIVE ITEM: OFAB Armor Dispenser (OnUse, requested QL 300) | 289607 TESTLIVE ITEM: OFAB Armor Dispenser (OnUse, requested QL 300)","No capture and no unique client-data inference"
"OAMR","item","2","2","289606 TESTLIVE ITEM: OFAB Armor Dispenser (OnUse, requested QL 1) | 289607 TESTLIVE ITEM: OFAB Armor Dispenser (OnUse, requested QL 300)","No capture and no unique client-data inference"
"OANA","item","2","2","289606 TESTLIVE ITEM: OFAB Armor Dispenser (OnUse, requested QL 1) | 289607 TESTLIVE ITEM: OFAB Armor Dispenser (OnUse, requested QL 300)","No capture and no unique client-data inference"
"OBAE","item","2","2","289606 TESTLIVE ITEM: OFAB Armor Dispenser (OnUse, requested QL 1) | 289607 TESTLIVE ITEM: OFAB Armor Dispenser (OnUse, requested QL 300)","No capture and no unique client-data inference"
"OBAT","item","2","2","289606 TESTLIVE ITEM: OFAB Armor Dispenser (OnUse, requested QL 1) | 289607 TESTLIVE ITEM: OFAB Armor Dispenser (OnUse, requested QL 300)","No capture and no unique client-data inference"
"OBDC","item","2","2","289606 TESTLIVE ITEM: OFAB Armor Dispenser (OnUse, requested QL 1) | 289607 TESTLIVE ITEM: OFAB Armor Dispenser (OnUse, requested QL 300)","No capture and no unique client-data inference"
"OBFE","item","2","2","289606 TESTLIVE ITEM: OFAB Armor Dispenser (OnUse, requested QL 300) | 289607 TESTLIVE ITEM: OFAB Armor Dispenser (OnUse, requested QL 300)","No capture and no unique client-data inference"
"OBLE","item","3","1","286429 Box of Stuff (OnUse, requested QL 300) | 286429 Box of Stuff (OnUse, requested QL 275) | 286429 Box of Stuff (OnUse, requested QL 250)","No capture and no unique client-data inference"
"OBMI","item","4","2","289606 TESTLIVE ITEM: OFAB Armor Dispenser (OnUse, requested QL 300) | 289606 TESTLIVE ITEM: OFAB Armor Dispenser (OnUse, requested QL 300) | 289607 TESTLIVE ITEM: OFAB Armor Dispenser (OnUse, requested QL 300)","No capture and no unique client-data inference"
"OBTD","item","2","2","289606 TESTLIVE ITEM: OFAB Armor Dispenser (OnUse, requested QL 300) | 289607 TESTLIVE ITEM: OFAB Armor Dispenser (OnUse, requested QL 300)","No capture and no unique client-data inference"
"OCCE","item","3","2","295820 TESTLIVEITEM: StarterPack (OnUse, requested QL 100) | 295820 TESTLIVEITEM: StarterPack (OnUse, requested QL 100) | 304170 Box of Guns (OnUse, requested QL 100)","No capture and no unique client-data inference"
"OCER","item","4","2","289606 TESTLIVE ITEM: OFAB Armor Dispenser (OnUse, requested QL 300) | 289606 TESTLIVE ITEM: OFAB Armor Dispenser (OnUse, requested QL 300) | 289607 TESTLIVE ITEM: OFAB Armor Dispenser (OnUse, requested QL 300)","No capture and no unique client-data inference"
"ODAT","item","2","2","289606 TESTLIVE ITEM: OFAB Armor Dispenser (OnUse, requested QL 300) | 289607 TESTLIVE ITEM: OFAB Armor Dispenser (OnUse, requested QL 300)","No capture and no unique client-data inference"
"ODYK","item","1","1","280866 Wearable: Vortexx_Rings (OnTerminate, requested QL 1)","No capture and no unique client-data inference"
"OEEF","item","2","2","289606 TESTLIVE ITEM: OFAB Armor Dispenser (OnUse, requested QL 300) | 289607 TESTLIVE ITEM: OFAB Armor Dispenser (OnUse, requested QL 300)","No capture and no unique client-data inference"
"OEHT","item","1","1","262955 Omni-Tek Award - Triumphant Flags of Glory and Redemption (OnUse, requested QL 1)","No capture and no unique client-data inference"
"OEKS","item","4","2","289606 TESTLIVE ITEM: OFAB Armor Dispenser (OnUse, requested QL 300) | 289606 TESTLIVE ITEM: OFAB Armor Dispenser (OnUse, requested QL 300) | 289607 TESTLIVE ITEM: OFAB Armor Dispenser (OnUse, requested QL 300)","No capture and no unique client-data inference"
"OELR","item","1","1","231156 Sealed Letter - Unredeemed (OnUse, requested QL 1)","No capture and no unique client-data inference"
"OEMH","item","2","2","289606 TESTLIVE ITEM: OFAB Armor Dispenser (OnUse, requested QL 1) | 289607 TESTLIVE ITEM: OFAB Armor Dispenser (OnUse, requested QL 300)","No capture and no unique client-data inference"
"OFAT","item","2","2","289606 TESTLIVE ITEM: OFAB Armor Dispenser (OnUse, requested QL 300) | 289607 TESTLIVE ITEM: OFAB Armor Dispenser (OnUse, requested QL 300)","No capture and no unique client-data inference"
"OFEG","item","2","2","289606 TESTLIVE ITEM: OFAB Armor Dispenser (OnUse, requested QL 1) | 289607 TESTLIVE ITEM: OFAB Armor Dispenser (OnUse, requested QL 300)","No capture and no unique client-data inference"
"OFEI","item","4","2","289606 TESTLIVE ITEM: OFAB Armor Dispenser (OnUse, requested QL 300) | 289606 TESTLIVE ITEM: OFAB Armor Dispenser (OnUse, requested QL 300) | 289607 TESTLIVE ITEM: OFAB Armor Dispenser (OnUse, requested QL 300)","No capture and no unique client-data inference"
"OFSA","item","2","2","289606 TESTLIVE ITEM: OFAB Armor Dispenser (OnUse, requested QL 1) | 289607 TESTLIVE ITEM: OFAB Armor Dispenser (OnUse, requested QL 300)","No capture and no unique client-data inference"
"OFSD","item","2","2","289606 TESTLIVE ITEM: OFAB Armor Dispenser (OnUse, requested QL 1) | 289607 TESTLIVE ITEM: OFAB Armor Dispenser (OnUse, requested QL 300)","No capture and no unique client-data inference"
"OFTA","item","2","2","289606 TESTLIVE ITEM: OFAB Armor Dispenser (OnUse, requested QL 1) | 289607 TESTLIVE ITEM: OFAB Armor Dispenser (OnUse, requested QL 300)","No capture and no unique client-data inference"
"OGEO","item","2","2","289606 TESTLIVE ITEM: OFAB Armor Dispenser (OnUse, requested QL 300) | 289607 TESTLIVE ITEM: OFAB Armor Dispenser (OnUse, requested QL 300)","No capture and no unique client-data inference"
"OHJG","item","1","1","288328 Placard - It (OnUse, requested QL 1)","No capture and no unique client-data inference"
"OHST","item","2","2","289606 TESTLIVE ITEM: OFAB Armor Dispenser (OnUse, requested QL 300) | 289607 TESTLIVE ITEM: OFAB Armor Dispenser (OnUse, requested QL 300)","No capture and no unique client-data inference"
"OHSU","item","4","2","289606 TESTLIVE ITEM: OFAB Armor Dispenser (OnUse, requested QL 300) | 289606 TESTLIVE ITEM: OFAB Armor Dispenser (OnUse, requested QL 300) | 289607 TESTLIVE ITEM: OFAB Armor Dispenser (OnUse, requested QL 300)","No capture and no unique client-data inference"
"OIGI","item","1","1","286465 Quark Building Template Containment Field (OnUse, requested QL 300)","No capture and no unique client-data inference"
"OIHO","item","24","17","99719 Omni-Tek Award - Basic Board (OnUse, requested QL 1) | 99719 Omni-Tek Award - Basic Board (OnUse, requested QL 2) | 99720 Omni-Tek Award - Ribbon of Strife (OnUse, requested QL 2)","No capture and no unique client-data inference"
"OIIB","item","1","1","263974 Immobilization Mine Layer (OnUse, requested QL 1)","No capture and no unique client-data inference"
"OILS","item","2","2","270395 Gift Wrapped Omni-Pol Costume (OnUse, requested QL 1) | 270396 Gift Wrapped Omni-Pol Costume (OnUse, requested QL 1)","No capture and no unique client-data inference"
"OINN","item","1","1","291452 Equipment Pack (OnUse, requested QL 1)","No capture and no unique client-data inference"
"OINO","item","1","1","291452 Equipment Pack (OnUse, requested QL 1)","No capture and no unique client-data inference"
"OKDH","item","2","2","289606 TESTLIVE ITEM: OFAB Armor Dispenser (OnUse, requested QL 1) | 289607 TESTLIVE ITEM: OFAB Armor Dispenser (OnUse, requested QL 300)","No capture and no unique client-data inference"
"OLCA","item","1","1","252026 Folded Cardboard Box (OnUse, requested QL 1)","No capture and no unique client-data inference"
"OMAC","item","2","2","285315 Transfer Password Information (OnUse, requested QL 1) | 286423 Equipment Pack (OnUse, requested QL 1)","No capture and no unique client-data inference"
"OMAY","item","2","2","285315 Transfer Password Information (OnUse, requested QL 1) | 286423 Equipment Pack (OnUse, requested QL 1)","No capture and no unique client-data inference"
"OMGU","item","4","1","286433 Box of Stuff (OnUse, requested QL 300) | 286433 Box of Stuff (OnUse, requested QL 275) | 286433 Box of Stuff (OnUse, requested QL 200)","No capture and no unique client-data inference"
"OMID","item","1","1","296579 Omni-Tek Identification Card (OnTerminate, requested QL 1)","No capture and no unique client-data inference"
"OMLS","item","2","2","270395 Gift Wrapped Omni-Pol Costume (OnUse, requested QL 1) | 270396 Gift Wrapped Omni-Pol Costume (OnUse, requested QL 1)","No capture and no unique client-data inference"
"OMMD","item","2","2","297054 Vacuum Packed Omni-Med Suit (OnUse, requested QL 1) | 304006 Vacuum Packed Omni-Med Suit (OnUse, requested QL 1)","No capture and no unique client-data inference"
"OMME","item","6","3","273043 TESTLIVEITEM: StarterPack (OnUse, requested QL 1) | 273043 TESTLIVEITEM: StarterPack (OnUse, requested QL 1) | 297054 Vacuum Packed Omni-Med Suit (OnUse, requested QL 1)","No capture and no unique client-data inference"
"OMMU","item","3","3","273043 TESTLIVEITEM: StarterPack (OnUse, requested QL 1) | 297054 Vacuum Packed Omni-Med Suit (OnUse, requested QL 1) | 304006 Vacuum Packed Omni-Med Suit (OnUse, requested QL 1)","No capture and no unique client-data inference"
"OMRS","item","1","1","263975 Restraining Mine Layer (OnUse, requested QL 1)","No capture and no unique client-data inference"
"OMSW","item","1","1","286465 Quark Building Template Containment Field (OnUse, requested QL 300)","No capture and no unique client-data inference"
"ONCK","item","1","1","286465 Quark Building Template Containment Field (OnUse, requested QL 300)","No capture and no unique client-data inference"
"ONEC","item","2","2","289606 TESTLIVE ITEM: OFAB Armor Dispenser (OnUse, requested QL 1) | 289607 TESTLIVE ITEM: OFAB Armor Dispenser (OnUse, requested QL 300)","No capture and no unique client-data inference"
"ONEU","item","2","2","152413 Counterfeit Omni Epaulet (OnUse, requested QL 1) | 152414 Counterfeit Omni Epaulet (OnUse, requested QL 200)","No capture and no unique client-data inference"
"ONJN","item","2","2","303461 Vacuum Packed Stripped Silencer Armor (OnUse, requested QL 1) | 303462 Vacuum Packed Stripped Silencer Armor (OnUse, requested QL 220)","No capture and no unique client-data inference"
"ONLS","item","2","2","270395 Gift Wrapped Omni-Pol Costume (OnUse, requested QL 1) | 270396 Gift Wrapped Omni-Pol Costume (OnUse, requested QL 1)","No capture and no unique client-data inference"
"ONMD","item","3","3","273043 TESTLIVEITEM: StarterPack (OnUse, requested QL 1) | 297054 Vacuum Packed Omni-Med Suit (OnUse, requested QL 1) | 304006 Vacuum Packed Omni-Med Suit (OnUse, requested QL 1)","No capture and no unique client-data inference"
"ONMU","item","3","3","273043 TESTLIVEITEM: StarterPack (OnUse, requested QL 1) | 297054 Vacuum Packed Omni-Med Suit (OnUse, requested QL 1) | 304006 Vacuum Packed Omni-Med Suit (OnUse, requested QL 1)","No capture and no unique client-data inference"
"ONNC","item","2","2","289606 TESTLIVE ITEM: OFAB Armor Dispenser (OnUse, requested QL 300) | 289607 TESTLIVE ITEM: OFAB Armor Dispenser (OnUse, requested QL 300)","No capture and no unique client-data inference"
"ONST","item","1","1","117569 Omni-Tek (OnEnter, requested QL 1)","No capture and no unique client-data inference"
"OONO","item","4","2","289606 TESTLIVE ITEM: OFAB Armor Dispenser (OnUse, requested QL 300) | 289606 TESTLIVE ITEM: OFAB Armor Dispenser (OnUse, requested QL 300) | 289607 TESTLIVE ITEM: OFAB Armor Dispenser (OnUse, requested QL 300)","No capture and no unique client-data inference"
"OORU","item","1","1","246890 Spirit Shroud of the Exterminator Unit (OnUse, requested QL 200)","No capture and no unique client-data inference"
"OOSL","item","4","2","289606 TESTLIVE ITEM: OFAB Armor Dispenser (OnUse, requested QL 300) | 289606 TESTLIVE ITEM: OFAB Armor Dispenser (OnUse, requested QL 300) | 289607 TESTLIVE ITEM: OFAB Armor Dispenser (OnUse, requested QL 300)","No capture and no unique client-data inference"
"OOTI","item","1","1","302330 Odonoptera's T-shirt Spawner (OnUse, requested QL 1)","No capture and no unique client-data inference"
"OPKR","item","2","2","289606 TESTLIVE ITEM: OFAB Armor Dispenser (OnUse, requested QL 300) | 289607 TESTLIVE ITEM: OFAB Armor Dispenser (OnUse, requested QL 300)","No capture and no unique client-data inference"
"OPLI","item","2","2","270395 Gift Wrapped Omni-Pol Costume (OnUse, requested QL 1) | 270396 Gift Wrapped Omni-Pol Costume (OnUse, requested QL 1)","No capture and no unique client-data inference"
"OPLR","item","1","1","231140 Sealed Letter - Redeemed (OnUse, requested QL 1)","No capture and no unique client-data inference"
"OQSP","item","2","2","259929 Winter Survival Kit (OnUse, requested QL 1) | 289248 Winter Survival Kit (Replica) (OnUse, requested QL 1)","No capture and no unique client-data inference"
"OQZC","item","1","1","270374 Gift Wrapped Champion's Costume (OnUse, requested QL 1)","No capture and no unique client-data inference"
"ORBT","item","2","2","289606 TESTLIVE ITEM: OFAB Armor Dispenser (OnUse, requested QL 300) | 289607 TESTLIVE ITEM: OFAB Armor Dispenser (OnUse, requested QL 300)","No capture and no unique client-data inference"
"ORSH","item","1","1","270406 Gift Wrapped Footwear Assortment (OnUse, requested QL 1)","No capture and no unique client-data inference"
"ORSP","item","2","2","289606 TESTLIVE ITEM: OFAB Armor Dispenser (OnUse, requested QL 300) | 289607 TESTLIVE ITEM: OFAB Armor Dispenser (OnUse, requested QL 300)","No capture and no unique client-data inference"
"ORTS","item","4","2","289606 TESTLIVE ITEM: OFAB Armor Dispenser (OnUse, requested QL 300) | 289606 TESTLIVE ITEM: OFAB Armor Dispenser (OnUse, requested QL 300) | 289607 TESTLIVE ITEM: OFAB Armor Dispenser (OnUse, requested QL 300)","No capture and no unique client-data inference"
"OSCO","item","51","1","287772 Use Item: Power Ups (OnUse, requested QL 1) | 287772 Use Item: Power Ups (OnUse, requested QL 1) | 287772 Use Item: Power Ups (OnUse, requested QL 1)","No capture and no unique client-data inference"
"OSIN","item","2","1","286426 Box of Stuff (OnUse, requested QL 300) | 286426 Box of Stuff (OnUse, requested QL 250)","No capture and no unique client-data inference"
"OSSO","item","1","1","286465 Quark Building Template Containment Field (OnUse, requested QL 300)","No capture and no unique client-data inference"
"OTNP","item","1","1","291452 Equipment Pack (OnUse, requested QL 1)","No capture and no unique client-data inference"
"OTPE","item","1","1","305232 Box of Things and Garbage (OnUse, requested QL 160)","No capture and no unique client-data inference"
"OUBC","item","2","2","289606 TESTLIVE ITEM: OFAB Armor Dispenser (OnUse, requested QL 1) | 289607 TESTLIVE ITEM: OFAB Armor Dispenser (OnUse, requested QL 300)","No capture and no unique client-data inference"
"OUBR","item","2","2","289606 TESTLIVE ITEM: OFAB Armor Dispenser (OnUse, requested QL 300) | 289607 TESTLIVE ITEM: OFAB Armor Dispenser (OnUse, requested QL 300)","No capture and no unique client-data inference"
"OUDY","item","2","2","202328 Lootgiver Type D (OnWear, requested QL 1) | 202329 Lootgiver Type D (OnWear, requested QL 400)","No capture and no unique client-data inference"
"OUGP","item","2","2","289606 TESTLIVE ITEM: OFAB Armor Dispenser (OnUse, requested QL 1) | 289607 TESTLIVE ITEM: OFAB Armor Dispenser (OnUse, requested QL 300)","No capture and no unique client-data inference"
"OVA2","item","1","1","295830 NPE Playfield Item (OnUse, requested QL 1)","No capture and no unique client-data inference"
"OVSH","item","1","1","303443 Bundle of Opulence (OnUse, requested QL 1)","No capture and no unique client-data inference"
"OWM6","item","1","1","304170 Box of Guns (OnUse, requested QL 26)","No capture and no unique client-data inference"
"OWMQ","item","2","2","273045 TESTLIVEITEM: StarterPack (OnUse, requested QL 22) | 304170 Box of Guns (OnUse, requested QL 22)","No capture and no unique client-data inference"
"OXES","item","1","1","263976 Explosive Mine Layer (OnUse, requested QL 1)","No capture and no unique client-data inference"
"OZ3J","item","2","2","301867 Restock Ammo (Level OP-CCXL) (OnUse, requested QL 1) | 304370 ZZZ (OnUse, requested QL 1)","No capture and no unique client-data inference"
"P9XG","item","1","1","289644 TESTLIVE ITEM: Tier Armor Dispenser (OnUse, requested QL 160)","No capture and no unique client-data inference"
"PAAF","item","1","1","290636 Phil and the Gofles page 1174 (OnUse, requested QL 1)","No capture and no unique client-data inference"
"PAGS","item","1","1","272604 Phasefront Hoverboard Mega Collection (OnUse, requested QL 1)","No capture and no unique client-data inference"
"PAGT","item","1","1","272604 Phasefront Hoverboard Mega Collection (OnUse, requested QL 1)","No capture and no unique client-data inference"
"PAHO","item","1","1","272605 Phasefront Mega Collection (OnUse, requested QL 1)","No capture and no unique client-data inference"
"PALM","item","1","1","301801 Sealed Phasefront Loungemaster - Koleda (OnUse, requested QL 1)","No capture and no unique client-data inference"
"PANY","item","1","1","303442 Leet Bundle (OnUse, requested QL 1)","No capture and no unique client-data inference"
"PAPC","item","1","1","259199 Protest Placard - Leet is Murder! (OnUse, requested QL 1)","No capture and no unique client-data inference"
"PAPD","item","1","1","259203 Protest Placard - Why? (OnUse, requested QL 1)","No capture and no unique client-data inference"
"PAPN","item","1","1","270387 Gift Wrapped Pirate Costume (OnUse, requested QL 1)","No capture and no unique client-data inference"
"PASE","item","1","1","270387 Gift Wrapped Pirate Costume (OnUse, requested QL 1)","No capture and no unique client-data inference"
"PASS","item","1","1","270387 Gift Wrapped Pirate Costume (OnUse, requested QL 1)","No capture and no unique client-data inference"
"PAUO","item","1","1","270397 Gift Wrapped Parade Uniform (OnUse, requested QL 1)","No capture and no unique client-data inference"
"PBBE","item","1","1","303476 Heckler Juice Bundle (OnUse, requested QL 1)","No capture and no unique client-data inference"
"PBBV","item","1","1","303476 Heckler Juice Bundle (OnUse, requested QL 1)","No capture and no unique client-data inference"
"PBCO","item","1","1","288687 Plasma Cannon Barrel (OnUse, requested QL 1)","No capture and no unique client-data inference"
"PBOF","item","2","2","304561 Sealed Prototype Ofab Weapons - Close Quarters (OnUse, requested QL 1) | 304562 Sealed Prototype Ofab Weapons - Close Quarters (OnUse, requested QL 220)","No capture and no unique client-data inference"
"PBP5","item","1","1","304005 Sealed Symbiant and Spirit Package (OnUse, requested QL 215)","No capture and no unique client-data inference"
"PCBS","item","1","1","294761 Self-Deploying Picnic Basket (OnUse, requested QL 1)","No capture and no unique client-data inference"
"PCCY","item","1","1","302042 Sealed Executive Carnation Pink Suit with Trousers (OnUse, requested QL 1)","No capture and no unique client-data inference"
"PCOH","item","3","1","286431 Box of Stuff (OnUse, requested QL 300) | 286431 Box of Stuff (OnUse, requested QL 275) | 286431 Box of Stuff (OnUse, requested QL 250)","No capture and no unique client-data inference"
"PCOI","item","1","1","290602 Pronouncement of Magnanimity (OnUse, requested QL 1)","No capture and no unique client-data inference"
"PCOM","item","1","1","290602 Pronouncement of Magnanimity (OnUse, requested QL 1)","No capture and no unique client-data inference"
"PCON","item","1","1","290602 Pronouncement of Magnanimity (OnUse, requested QL 1)","No capture and no unique client-data inference"
"PCOT","item","1","1","267393 Litter Pile (OnUseItemOn, requested QL 1)","No capture and no unique client-data inference"
"PCOY","item","1","1","290602 Pronouncement of Magnanimity (OnUse, requested QL 1)","No capture and no unique client-data inference"
"PCPA","item","1","1","259204 Protest Placard - Why Not? (OnUse, requested QL 1)","No capture and no unique client-data inference"
"PCPC","item","1","1","259205 Protest Placard - Abandon SL! (OnUse, requested QL 1)","No capture and no unique client-data inference"
"PCPD","item","1","1","288329 Placard - My Leet Ate My Homework (OnUse, requested QL 1)","No capture and no unique client-data inference"
"PCPR","item","1","1","259208 Protest Placard - Omni-Tek Protects! (OnUse, requested QL 1)","No capture and no unique client-data inference"
"PCWL","item","1","1","272603 Phasefront Hoverbike Mega Collection (OnUse, requested QL 1)","No capture and no unique client-data inference"
"PDAT","item","1","1","290639 Phil and the Gofles page 1397 (OnUse, requested QL 1)","No capture and no unique client-data inference"
"PDCB","current-client item","1","1","306119 Vacuum Packed Preserved Colonist Armor (OnUse, requested QL 1)","No capture; current RDB record is newer than items.ocp"
"PDCO","current-client item","1","1","306119 Vacuum Packed Preserved Colonist Armor (OnUse, requested QL 1)","No capture; current RDB record is newer than items.ocp"
"PDCS","item","14","14","303434 Temple Explorer Pack (OnUse, requested QL 60) | 303435 Biomare Explorer Pack (OnUse, requested QL 100) | 303436 Initial Outzone Explorer Pack (OnUse, requested QL 1)","No capture and no unique client-data inference"
"PDCT","current-client item","1","1","306119 Vacuum Packed Preserved Colonist Armor (OnUse, requested QL 1)","No capture; current RDB record is newer than items.ocp"
"PDPC","item","1","1","288318 Placard - Space for Rent (OnUse, requested QL 1)","No capture and no unique client-data inference"
"PDPD","item","1","1","259210 Protest Placard - Respect (OnUse, requested QL 1)","No capture and no unique client-data inference"
"PDUI","item","1","1","270397 Gift Wrapped Parade Uniform (OnUse, requested QL 1)","No capture and no unique client-data inference"
"PEBS","item","1","1","273045 TESTLIVEITEM: StarterPack (OnUse, requested QL 200)","No capture and no unique client-data inference"
"PECG","item","1","1","297366 Pet Cage (OnUse, requested QL 1)","No capture and no unique client-data inference"
"PEIC","item","1","1","296576 Personalized ICC ID Chip (OnTerminate, requested QL 1)","No capture and no unique client-data inference"
"PENC","item","5","5","226288 Pure Novictum Ring for the Support Unit (OnUse, requested QL 1) | 226291 Pure Novictum Ring for the Extermination Unit (OnUse, requested QL 1) | 226307 Pure Novictum Ring for the Infantry Unit (OnUse, requested QL 1)","No capture and no unique client-data inference"
"PENI","item","5","5","226290 Pure Novictum Ring for the Control Unit (OnUse, requested QL 1) | 226291 Pure Novictum Ring for the Extermination Unit (OnUse, requested QL 1) | 226307 Pure Novictum Ring for the Infantry Unit (OnUse, requested QL 1)","No capture and no unique client-data inference"
"PENM","item","5","5","226288 Pure Novictum Ring for the Support Unit (OnUse, requested QL 1) | 226290 Pure Novictum Ring for the Control Unit (OnUse, requested QL 1) | 226291 Pure Novictum Ring for the Extermination Unit (OnUse, requested QL 1)","No capture and no unique client-data inference"
"PEPC","item","1","1","259191 Protest Placard - No Mongol Meat (OnUse, requested QL 1)","No capture and no unique client-data inference"
"PEPD","item","1","1","259196 Protest Placard - No! (OnUse, requested QL 1)","No capture and no unique client-data inference"
"PEUF","item","1","1","270397 Gift Wrapped Parade Uniform (OnUse, requested QL 1)","No capture and no unique client-data inference"
"PEUG","item","1","1","270397 Gift Wrapped Parade Uniform (OnUse, requested QL 1)","No capture and no unique client-data inference"
"PEUI","item","1","1","270397 Gift Wrapped Parade Uniform (OnUse, requested QL 1)","No capture and no unique client-data inference"
"PEWD","item","1","1","253431 Pietro's Sealed Envelope (OnUse, requested QL 1)","No capture and no unique client-data inference"
"PFIE","item","1","1","287665 Clan Extraction Start COL SPHERE (OnEnter, requested QL 1)","No capture and no unique client-data inference"
"PFMN","item","1","1","285004 Christmas Gift (OnUse, requested QL 1)","No capture and no unique client-data inference"
"PFOM","item","1","1","290602 Pronouncement of Magnanimity (OnUse, requested QL 1)","No capture and no unique client-data inference"
"PFSR","item","1","1","272603 Phasefront Hoverbike Mega Collection (OnUse, requested QL 1)","No capture and no unique client-data inference"
"PFVT","nano-only","1","1","293808 Energy Strand Spawner (OnTerminate, requested QL 1)","No capture and no unique client-data inference"
"PGCA","item","1","1","302046 Sealed Naughty Nightwear (OnUse, requested QL 1)","No capture and no unique client-data inference"
"PGCG","item","1","1","302043 Sealed Executive Carnation Pink Suit with Skirt (OnUse, requested QL 1)","No capture and no unique client-data inference"
"PGCH","item","1","1","302050 Sealed Executive Cardinal Red Suit with Trousers (OnUse, requested QL 1)","No capture and no unique client-data inference"
"PGCM","item","1","1","302059 Sealed Heart Print Pajamas (OnUse, requested QL 1)","No capture and no unique client-data inference"
"PGOM","item","1","1","290602 Pronouncement of Magnanimity (OnUse, requested QL 1)","No capture and no unique client-data inference"
"PGON","item","1","1","290602 Pronouncement of Magnanimity (OnUse, requested QL 1)","No capture and no unique client-data inference"
"PHCL","item","2","2","281160 Orbital Apartment Door (OnUseItemOn, requested QL 100) | 281571 Phasefront Classic - (OnUse, requested QL 100)","No capture and no unique client-data inference"
"PHHO","item","1","1","272605 Phasefront Mega Collection (OnUse, requested QL 1)","No capture and no unique client-data inference"
"PHLN","item","1","1","301800 Sealed Phasefront Loungemaster - Orisky (OnUse, requested QL 1)","No capture and no unique client-data inference"
"PHMT","item","1","1","287760 Playfield Item - Salvage Spawn (OnUse, requested QL 1)","No capture and no unique client-data inference"
"PHPT","item","1","1","272604 Phasefront Hoverboard Mega Collection (OnUse, requested QL 1)","No capture and no unique client-data inference"
"PHSN","item","1","1","301783 Sealed Phasefront Snow Speeder (OnUse, requested QL 1)","No capture and no unique client-data inference"
"PIDJ","item","1","1","270414 Gift Wrapped Cloak Assortment #2 (OnUse, requested QL 1)","No capture and no unique client-data inference"
"PIEN","item","1","1","253431 Pietro's Sealed Envelope (OnUse, requested QL 1)","No capture and no unique client-data inference"
"PIIP","item","1","1","287667 OT Spy Start COL SPHERE (OnEnter, requested QL 1)","No capture and no unique client-data inference"
"PIJK","item","1","1","270387 Gift Wrapped Pirate Costume (OnUse, requested QL 1)","No capture and no unique client-data inference"
"PIQE","nano-only","1","1","285724 Prisoner Quest Second Mission Spawn Nano (OnUse, requested QL 1)","No capture and no unique client-data inference"
"PIRE","item","1","1","270417 Gift Wrapped Cloak Assortment #4 (OnUse, requested QL 1)","No capture and no unique client-data inference"
"PITN","item","1","1","270407 Gift Wrapped Thong Assortment (OnUse, requested QL 1)","No capture and no unique client-data inference"
"PJFW","item","1","1","259214 Protest Placard - Maybe? (OnUse, requested QL 1)","No capture and no unique client-data inference"
"PJTA","item","222","3","304168 Box of Nanocrystals (OnUse, requested QL 1) | 304169 Box of Nanocrystals (OnUse, requested QL 1) | 304399 YYY (OnUse, requested QL 148)","No capture and no unique client-data inference"
"PLAE","item","1","1","290635 Phil and the Gofles page 747 (OnUse, requested QL 1)","No capture and no unique client-data inference"
"PLAG","item","1","1","290637 Phil and the Gofles page 1209 (OnUse, requested QL 1)","No capture and no unique client-data inference"
"PLHI","item","1","1","270409 Gift Wrapped Hipster Assortment (OnUse, requested QL 1)","No capture and no unique client-data inference"
"PLHP","item","1","1","270409 Gift Wrapped Hipster Assortment (OnUse, requested QL 1)","No capture and no unique client-data inference"
"PLIN","item","2","1","286426 Box of Stuff (OnUse, requested QL 300) | 286426 Box of Stuff (OnUse, requested QL 250)","No capture and no unique client-data inference"
"PLPC","item","1","1","259201 Protest Placard - credz plz (OnUse, requested QL 1)","No capture and no unique client-data inference"
"PLXX","item","1","1","286235 Plumbo XXX Leaflet Book (OnUse, requested QL 1)","No capture and no unique client-data inference"
"PM3P","item","1","1","305232 Box of Things and Garbage (OnUse, requested QL 160)","No capture and no unique client-data inference"
"PMCG","item","1","1","302056 Sealed Bikini (OnUse, requested QL 1)","No capture and no unique client-data inference"
"PMGA","item","1","1","303440 Garden Access Pack (OnUse, requested QL 1)","No capture and no unique client-data inference"
"PMNC","item","1","1","303439 Shadowlands Adventure Pack (OnUse, requested QL 1)","No capture and no unique client-data inference"
"PMSC","item","2","2","303439 Shadowlands Adventure Pack (OnUse, requested QL 1) | 303443 Bundle of Opulence (OnUse, requested QL 1)","No capture and no unique client-data inference"
"PNAG","item","1","1","290632 Phil and the Gofles page 28 (OnUse, requested QL 1)","No capture and no unique client-data inference"
"PNAL","item","1","1","290638 Phil and the Gofles page 1321 (OnUse, requested QL 1)","No capture and no unique client-data inference"
"PNAT","item","1","1","290633 Phil and the Gofles page 134 (OnUse, requested QL 1)","No capture and no unique client-data inference"
"PNCG","item","1","1","302055 Sealed Boxer Shorts (OnUse, requested QL 1)","No capture and no unique client-data inference"
"PNCW","item","1","1","302041 Sealed Cute Pajamas (OnUse, requested QL 1)","No capture and no unique client-data inference"
"PNDE","item","1","1","270414 Gift Wrapped Cloak Assortment #2 (OnUse, requested QL 1)","No capture and no unique client-data inference"
"PNNU","item","5","5","226288 Pure Novictum Ring for the Support Unit (OnUse, requested QL 1) | 226290 Pure Novictum Ring for the Control Unit (OnUse, requested QL 1) | 226291 Pure Novictum Ring for the Extermination Unit (OnUse, requested QL 1)","No capture and no unique client-data inference"
"PNNV","item","5","5","226288 Pure Novictum Ring for the Support Unit (OnUse, requested QL 1) | 226290 Pure Novictum Ring for the Control Unit (OnUse, requested QL 1) | 226307 Pure Novictum Ring for the Infantry Unit (OnUse, requested QL 1)","No capture and no unique client-data inference"
"PNOM","item","1","1","290602 Pronouncement of Magnanimity (OnUse, requested QL 1)","No capture and no unique client-data inference"
"PNOT","item","1","1","270370 Gift Wrapped Outfit of the King (OnUse, requested QL 1)","No capture and no unique client-data inference"
"PNPB","item","1","1","304585 Vacuum Packed Pioneer Backpack (OnUse, requested QL 1)","No capture and no unique client-data inference"
"PNRD","item","1","1","270416 Gift Wrapped Cloak Assortment #3 (OnUse, requested QL 1)","No capture and no unique client-data inference"
"PNTH","item","1","1","290259 Purple Thong (OnUse, requested QL 1)","No capture and no unique client-data inference"
"POBE","item","1","1","303476 Heckler Juice Bundle (OnUse, requested QL 1)","No capture and no unique client-data inference"
"POCF","item","2","2","270415 Gift Wrapped Cloak Assortment #3 (OnUse, requested QL 1) | 270416 Gift Wrapped Cloak Assortment #3 (OnUse, requested QL 1)","No capture and no unique client-data inference"
"POGM","item","2","2","288768 Sealed Portable Market Terminal - Seven Days (OnUse, requested QL 1) | 296309 Lindelus Nano Item (OnUse, requested QL 1)","No capture and no unique client-data inference"
"POLB","nano-only","1","1","304606 Indomitable Flames (OnUse, requested QL 1)","No capture and no unique client-data inference"
"POOS","item","3","1","286431 Box of Stuff (OnUse, requested QL 300) | 286431 Box of Stuff (OnUse, requested QL 275) | 286431 Box of Stuff (OnUse, requested QL 250)","No capture and no unique client-data inference"
"POOV","item","4","2","304561 Sealed Prototype Ofab Weapons - Close Quarters (OnUse, requested QL 1) | 304561 Sealed Prototype Ofab Weapons - Close Quarters (OnUse, requested QL 1) | 304562 Sealed Prototype Ofab Weapons - Close Quarters (OnUse, requested QL 220)","No capture and no unique client-data inference"
"POOW","item","2","2","304563 Sealed Prototype Ofab Weapons - Ranged Combat (OnUse, requested QL 1) | 304564 Sealed Prototype Ofab Weapons - Ranged Combat (OnUse, requested QL 220)","No capture and no unique client-data inference"
"POOY","item","1","1","290602 Pronouncement of Magnanimity (OnUse, requested QL 1)","No capture and no unique client-data inference"
"POPD","item","1","1","259202 Protest Placard - wtb implants (OnUse, requested QL 1)","No capture and no unique client-data inference"
"POSR","item","1","1","286437 Box of Stuff (OnUse, requested QL 105)","No capture and no unique client-data inference"
"PPOB","item","2","2","304563 Sealed Prototype Ofab Weapons - Ranged Combat (OnUse, requested QL 1) | 304564 Sealed Prototype Ofab Weapons - Ranged Combat (OnUse, requested QL 220)","No capture and no unique client-data inference"
"PPPC","item","1","1","259198 Protest Placard - Down With OT! (OnUse, requested QL 1)","No capture and no unique client-data inference"
"PPPD","item","1","1","259193 Protest Placard - ! (OnUse, requested QL 1)","No capture and no unique client-data inference"
"PPPL","item","1","1","259197 Protest Placard - The Only Good Clanner... (OnUse, requested QL 1)","No capture and no unique client-data inference"
"PPUP","item","3","1","287772 Use Item: Power Ups (OnUse, requested QL 1) | 287772 Use Item: Power Ups (OnUse, requested QL 1) | 287772 Use Item: Power Ups (OnUse, requested QL 1)","No capture and no unique client-data inference"
"PRBT","item","1","1","288761 Sealed Portable Bank Terminal - Seven Days (OnUse, requested QL 1)","No capture and no unique client-data inference"
"PRCR","item","4","4","235298 Unpolluted Crystal (OnUse, requested QL 1) | 235299 Unpolluted Crystal (OnUse, requested QL 300) | 280482 Unpolluted Crystal (OnUse, requested QL 300)","No capture and no unique client-data inference"
"PRGM","item","3","3","288767 Sealed Portable Market Terminal (OnUse, requested QL 1) | 296309 Lindelus Nano Item (OnUse, requested QL 1) | 303443 Bundle of Opulence (OnUse, requested QL 1)","No capture and no unique client-data inference"
"PRHH","item","2","2","297156 Wrapped Premium Health and Nano Recharger (OnUse, requested QL 1) | 303443 Bundle of Opulence (OnUse, requested QL 1)","No capture and no unique client-data inference"
"PRNL","item","1","1","303442 Leet Bundle (OnUse, requested QL 1)","No capture and no unique client-data inference"
"PROA","item","1","1","290602 Pronouncement of Magnanimity (OnUse, requested QL 1)","No capture and no unique client-data inference"
"PRPC","item","1","1","259318 Protest Placard - Clan Logo (OnUse, requested QL 1)","No capture and no unique client-data inference"
"PRPD","item","1","1","259207 Protest Placard - Unity (OnUse, requested QL 1)","No capture and no unique client-data inference"
"PRQU","nano-only","1","1","285737 Prisoner Quest First Mission Spawn Nano (OnUse, requested QL 1)","No capture and no unique client-data inference"
"PRRO","item","2","2","286431 Box of Stuff (OnUse, requested QL 1) | 286436 Box of Stuff (OnUse, requested QL 1)","No capture and no unique client-data inference"
"PRRS","item","1","1","292312 Instant Perk Reset Item (OnUse, requested QL 1)","No capture and no unique client-data inference"
"PRSV","item","1","1","270387 Gift Wrapped Pirate Costume (OnUse, requested QL 1)","No capture and no unique client-data inference"
"PRUF","item","1","1","270397 Gift Wrapped Parade Uniform (OnUse, requested QL 1)","No capture and no unique client-data inference"
"PRUI","item","1","1","270397 Gift Wrapped Parade Uniform (OnUse, requested QL 1)","No capture and no unique client-data inference"
"PSBH","item","1","1","272603 Phasefront Hoverbike Mega Collection (OnUse, requested QL 1)","No capture and no unique client-data inference"
"PSBL","item","1","1","303476 Heckler Juice Bundle (OnUse, requested QL 1)","No capture and no unique client-data inference"
"PSCY","item","1","1","302051 Sealed Executive Cardinal Red Suit with Skirt (OnUse, requested QL 1)","No capture and no unique client-data inference"
"PSIF","item","1","1","291452 Equipment Pack (OnUse, requested QL 1)","No capture and no unique client-data inference"
"PSPC","item","1","1","259200 Protest Placard - pwn (OnUse, requested QL 1)","No capture and no unique client-data inference"
"PSPD","item","1","1","259195 Protest Placard - Yes! (OnUse, requested QL 1)","No capture and no unique client-data inference"
"PSPL","item","1","1","259206 Protest Placard - They Come In Peace (OnUse, requested QL 1)","No capture and no unique client-data inference"
"PTAD","item","1","1","290634 Phil and the Gofles page 243 (OnUse, requested QL 1)","No capture and no unique client-data inference"
"PTAO","item","1","1","290640 Phil and the Gofles page 1457 (OnUse, requested QL 1)","No capture and no unique client-data inference"
"PTBN","item","2","2","288766 Sealed Portable Bank Terminal (OnUse, requested QL 1) | 303443 Bundle of Opulence (OnUse, requested QL 1)","No capture and no unique client-data inference"
"PTCV","item","1","1","302058 Sealed Phasefront Elamorado (OnUse, requested QL 100)","No capture and no unique client-data inference"
"PTMA","item","4","4","257958 Portable Market Interface (OnUse, requested QL 1) | 288764 Portable Market Terminal - Seven Days (OnUse, requested QL 1) | 288765 Portable Market Terminal (OnUse, requested QL 1)","No capture and no unique client-data inference"
"PTOW","item","2","2","304561 Sealed Prototype Ofab Weapons - Close Quarters (OnUse, requested QL 1) | 304562 Sealed Prototype Ofab Weapons - Close Quarters (OnUse, requested QL 220)","No capture and no unique client-data inference"
"PTPC","item","1","1","258821 Protest Placard - LFT (OnUse, requested QL 1)","No capture and no unique client-data inference"
"PTPD","item","1","1","259192 Protest Placard - Omni-Tek Logo (OnUse, requested QL 1)","No capture and no unique client-data inference"
"PTPL","item","1","1","259194 Protest Placard - AFK! (OnUse, requested QL 1)","No capture and no unique client-data inference"
"PTPR","item","1","1","259190 Protest Placard - No Bronto Burger (OnUse, requested QL 1)","No capture and no unique client-data inference"
"PUTH","item","1","1","290253 Blue Thong (OnUse, requested QL 1)","No capture and no unique client-data inference"
"PUUI","item","1","1","270397 Gift Wrapped Parade Uniform (OnUse, requested QL 1)","No capture and no unique client-data inference"
"PUWT","item","1","1","301782 Sealed Penumbra White Quabbit (OnUse, requested QL 1)","No capture and no unique client-data inference"
"PUXX","item","1","1","286242 Equipment Pack (OnUse, requested QL 1)","No capture and no unique client-data inference"
"PVCD","current-client item","1","1","306119 Vacuum Packed Preserved Colonist Armor (OnUse, requested QL 1)","No capture; current RDB record is newer than items.ocp"
"PVCE","current-client item","1","1","306119 Vacuum Packed Preserved Colonist Armor (OnUse, requested QL 1)","No capture; current RDB record is newer than items.ocp"
"PVCN","current-client item","2","1","306119 Vacuum Packed Preserved Colonist Armor (OnUse, requested QL 1)","No capture; current RDB record is newer than items.ocp"
"PVCS","current-client item","2","1","306119 Vacuum Packed Preserved Colonist Armor (OnUse, requested QL 1)","No capture; current RDB record is newer than items.ocp"
"PVOX","item","1","1","289572 Gift Wrapped Mittens (OnUse, requested QL 1)","No capture and no unique client-data inference"
"PWCL","item","15","1","287772 Use Item: Power Ups (OnUse, requested QL 1) | 287772 Use Item: Power Ups (OnUse, requested QL 1) | 287772 Use Item: Power Ups (OnUse, requested QL 1)","No capture and no unique client-data inference"
"PWH0","item","1","1","289645 TESTLIVE ITEM: Tier Armor Dispenser (OnUse, requested QL 220)","No capture and no unique client-data inference"
"PWRI","item","1","1","268715 Shopping Bag (OnUse, requested QL 1)","No capture and no unique client-data inference"
"PXDN","item","1","1","304060 Gift of the Hollow Reaper (OnUse, requested QL 250)","No capture and no unique client-data inference"
"PXOL","item","5","2","303742 Sealed Symbiant and Spirit Package (OnUse, requested QL 215) | 303742 Sealed Symbiant and Spirit Package (OnUse, requested QL 215) | 304005 Sealed Symbiant and Spirit Package (OnUse, requested QL 215)","No capture and no unique client-data inference"
"PXST","item","1","1","301788 Sealed Yuletide Visage (OnUse, requested QL 1)","No capture and no unique client-data inference"
"PYIS","item","1","1","287668 Clan Spy Start COL SPHERE (OnEnter, requested QL 1)","No capture and no unique client-data inference"
"PYIT","item","1","1","287666 OT Extraction Start COL SPHERE (OnEnter, requested QL 1)","No capture and no unique client-data inference"
"PYOA","item","4","2","304563 Sealed Prototype Ofab Weapons - Ranged Combat (OnUse, requested QL 1) | 304563 Sealed Prototype Ofab Weapons - Ranged Combat (OnUse, requested QL 1) | 304564 Sealed Prototype Ofab Weapons - Ranged Combat (OnUse, requested QL 220)","No capture and no unique client-data inference"
"PYOB","item","4","2","304561 Sealed Prototype Ofab Weapons - Close Quarters (OnUse, requested QL 1) | 304561 Sealed Prototype Ofab Weapons - Close Quarters (OnUse, requested QL 1) | 304562 Sealed Prototype Ofab Weapons - Close Quarters (OnUse, requested QL 220)","No capture and no unique client-data inference"
"PYOF","item","2","2","304563 Sealed Prototype Ofab Weapons - Ranged Combat (OnUse, requested QL 1) | 304564 Sealed Prototype Ofab Weapons - Ranged Combat (OnUse, requested QL 220)","No capture and no unique client-data inference"
"PYON","item","4","2","304561 Sealed Prototype Ofab Weapons - Close Quarters (OnUse, requested QL 1) | 304561 Sealed Prototype Ofab Weapons - Close Quarters (OnUse, requested QL 1) | 304562 Sealed Prototype Ofab Weapons - Close Quarters (OnUse, requested QL 220)","No capture and no unique client-data inference"
"PYOO","item","4","2","304561 Sealed Prototype Ofab Weapons - Close Quarters (OnUse, requested QL 1) | 304561 Sealed Prototype Ofab Weapons - Close Quarters (OnUse, requested QL 1) | 304562 Sealed Prototype Ofab Weapons - Close Quarters (OnUse, requested QL 220)","No capture and no unique client-data inference"
"PYOR","item","2","2","304563 Sealed Prototype Ofab Weapons - Ranged Combat (OnUse, requested QL 1) | 304564 Sealed Prototype Ofab Weapons - Ranged Combat (OnUse, requested QL 220)","No capture and no unique client-data inference"
"PYOS","item","2","2","304563 Sealed Prototype Ofab Weapons - Ranged Combat (OnUse, requested QL 1) | 304564 Sealed Prototype Ofab Weapons - Ranged Combat (OnUse, requested QL 220)","No capture and no unique client-data inference"
"Q322","item","1","1","305232 Box of Things and Garbage (OnUse, requested QL 160)","No capture and no unique client-data inference"
"QABD","item","1","1","286457 City Resettlement Beacon (OnUse, requested QL 195)","No capture and no unique client-data inference"
"QABI","item","1","1","286457 City Resettlement Beacon (OnUse, requested QL 195)","No capture and no unique client-data inference"
"QABN","item","1","1","286457 City Resettlement Beacon (OnUse, requested QL 195)","No capture and no unique client-data inference"
"QESE","item","1","1","270408 Gift Wrapped Queen's Blouse (OnUse, requested QL 1)","No capture and no unique client-data inference"
"QGIO","item","2","2","303461 Vacuum Packed Stripped Silencer Armor (OnUse, requested QL 1) | 303462 Vacuum Packed Stripped Silencer Armor (OnUse, requested QL 220)","No capture and no unique client-data inference"
"QIGR","nano-only","1","1","160979 Hack Grid Data Stream (OnUse, requested QL 1)","No capture and no unique client-data inference"
"QJGL","item","1","1","259213 Protest Placard - Terrorists! (OnUse, requested QL 1)","No capture and no unique client-data inference"
"QKKR","item","1","1","288689 Plasma Cannon Stock (OnUse, requested QL 1)","No capture and no unique client-data inference"
"QLTX","item","1","1","294036 Happy Snowman Mask (OnUse, requested QL 1)","No capture and no unique client-data inference"
"QMBW","item","1","1","290096 Profession Shirt Spawner (OnUse, requested QL 1)","No capture and no unique client-data inference"
"QMC3","item","1","1","289644 TESTLIVE ITEM: Tier Armor Dispenser (OnUse, requested QL 160)","No capture and no unique client-data inference"
"QSWI","item","1","1","262801 Borealis Protest Placard - Omni Go Home! (OnUse, requested QL 1)","No capture and no unique client-data inference"
"QUBL","item","1","1","270408 Gift Wrapped Queen's Blouse (OnUse, requested QL 1)","No capture and no unique client-data inference"
"QUGD","nano-only","1","1","242954 Energize Rubi-Ka Grid Tunnel (OnUse, requested QL 1)","No capture and no unique client-data inference"
"QZPG","item","1","1","289643 TESTLIVE ITEM: Tier Armor Dispenser (OnUse, requested QL 100)","No capture and no unique client-data inference"
"RAAA","item","1","1","289052 Replica Armor Set: Standard Engineer OFAB (OnUse, requested QL 1)","No capture and no unique client-data inference"
"RAAE","item","1","1","269410 Research Attunement Device - Defense Level Two (OnUse, requested QL 100)","No capture and no unique client-data inference"
"RAAI","item","1","1","289097 Replica Armor Set: ICC Peacekeeper (OnUse, requested QL 1)","No capture and no unique client-data inference"
"RAAP","item","1","1","289079 Replica Armor Set: Penultimate Soldier OFAB (OnUse, requested QL 1)","No capture and no unique client-data inference"
"RAAT","item","1","1","269401 Research Attunement Device - Combat Level One (OnUse, requested QL 100)","No capture and no unique client-data inference"
"RAAU","item","1","1","269402 Research Attunement Device - Combat Level Two (OnUse, requested QL 100)","No capture and no unique client-data inference"
"RABC","nano-only","1","1","293418 Recall Beacon (OnTerminate, requested QL 1)","No capture and no unique client-data inference"
"RAHE","nano-only","1","1","274219 The Machine Grinds to Life (OnUse, requested QL 1)","No capture and no unique client-data inference"
"RAJA","item","1","1","270380 Gift Wrapped Raider's Jacket (OnUse, requested QL 1)","No capture and no unique client-data inference"
"RAJC","item","1","1","270380 Gift Wrapped Raider's Jacket (OnUse, requested QL 1)","No capture and no unique client-data inference"
"RAM6","nano-only","1","1","275815 Ravening M-60 (OnUse, requested QL 220)","No capture and no unique client-data inference"
"RASD","item","1","1","284627 Radio SDF Shirt - White (OnUse, requested QL 1)","No capture and no unique client-data inference"
"RBNA","item","1","1","291452 Equipment Pack (OnUse, requested QL 1)","No capture and no unique client-data inference"
"RBNO","item","1","1","291452 Equipment Pack (OnUse, requested QL 1)","No capture and no unique client-data inference"
"RBTH","item","1","1","302334 Rooibos's T-shirt Spawner (OnUse, requested QL 1)","No capture and no unique client-data inference"
"RBTR","item","2","2","292256 Health and Nano Recharger (OnTerminate, requested QL 1) | 292263 Basic Belt Component Platform (OnTerminate, requested QL 1)","No capture and no unique client-data inference"
"RCAD","item","1","1","293693 Research Attunement Device - Tradeskill Level One (OnUse, requested QL 100)","No capture and no unique client-data inference"
"RCAO","item","1","1","289054 Replica Armor Set: Standard Agent OFAB (OnUse, requested QL 1)","No capture and no unique client-data inference"
"RCAP","item","1","1","289084 Replica Armor Set: Penultimate Adventurer OFAB (OnUse, requested QL 1)","No capture and no unique client-data inference"
"RCAR","item","1","1","289029 Replica Armor Set: Combined Sharpshooter's with Helmet (OnUse, requested QL 1)","No capture and no unique client-data inference"
"RCAT","item","1","1","269404 Research Attunement Device - Nano Technology Level Two (OnUse, requested QL 100)","No capture and no unique client-data inference"
"RDFO","item","1","1","273245 Pink Desert Orchid (OnUseItemOn, requested QL 1)","No capture and no unique client-data inference"
"RDKN","item","1","1","270370 Gift Wrapped Outfit of the King (OnUse, requested QL 1)","No capture and no unique client-data inference"
"RDOD","item","2","1","295820 TESTLIVEITEM: StarterPack (OnUse, requested QL 100) | 295820 TESTLIVEITEM: StarterPack (OnUse, requested QL 100)","No capture and no unique client-data inference"
"RDRO","item","1","1","270417 Gift Wrapped Cloak Assortment #4 (OnUse, requested QL 1)","No capture and no unique client-data inference"
"REAE","item","1","1","289066 Replica Armor Set: Penultimate Engineer OFAB with Helmet (OnUse, requested QL 1)","No capture and no unique client-data inference"
"REAL","item","1","1","289069 Replica Armor Set: Penultimate Adventurer OFAB with Helmet (OnUse, requested QL 1)","No capture and no unique client-data inference"
"REAM","item","1","1","289034 Replica Armor Set: Combined Paramedic's (OnUse, requested QL 1)","No capture and no unique client-data inference"
"REAO","item","1","1","289028 Replica Armor Set: Combined Paramedic's with Helmet (OnUse, requested QL 1)","No capture and no unique client-data inference"
"REAP","item","1","1","289090 Replica Armor Set: Penultimate Meta-Physicist OFAB (OnUse, requested QL 1)","No capture and no unique client-data inference"
"REKY","item","1","1","276666 Red Keycard Fragment - Right (OnUse, requested QL 1)","No capture and no unique client-data inference"
"REMS","item","1","1","269496 Mission Resolve GR1U (OnEnter, requested QL 1)","No capture and no unique client-data inference"
"RETN","item","1","1","290258 Pink Thong (OnUse, requested QL 1)","No capture and no unique client-data inference"
"REWE","item","1","1","260659 Dormant Wen-Wen (OnUse, requested QL 205)","No capture and no unique client-data inference"
"RFOC","item","2","2","273045 TESTLIVEITEM: StarterPack (OnUse, requested QL 100) | 295820 TESTLIVEITEM: StarterPack (OnUse, requested QL 100)","No capture and no unique client-data inference"
"RFOU","item","2","2","273044 TESTLIVEITEM: StarterPack (OnUse, requested QL 100) | 295820 TESTLIVEITEM: StarterPack (OnUse, requested QL 100)","No capture and no unique client-data inference"
"RHAE","item","1","1","293699 Research Attunement Device - Tradeskill Level Two (OnUse, requested QL 100)","No capture and no unique client-data inference"
"RHAT","item","1","1","269407 Research Attunement Device - Medical Level One (OnUse, requested QL 100)","No capture and no unique client-data inference"
"RHBA","item","1","1","297050 Tasty Chocolates (OnUse, requested QL 1)","No capture and no unique client-data inference"
"RHHT","item","1","1","259773 Amanita Muscaria (OnUseItemOn, requested QL 1)","No capture and no unique client-data inference"
"RHTN","item","1","1","284435 Rho Tuning Unit - Inactive (OnUse, requested QL 1)","No capture and no unique client-data inference"
"RIAA","item","1","1","289046 Replica Armor Set: Standard Nano-Technician OFAB with Helmet (OnUse, requested QL 1)","No capture and no unique client-data inference"
"RIAE","item","1","1","289051 Replica Armor Set: Standard Martial Artist OFAB (OnUse, requested QL 1)","No capture and no unique client-data inference"
"RIAM","item","1","1","289024 Replica Armor Set: Combined Commando's with Helmet (OnUse, requested QL 1)","No capture and no unique client-data inference"
"RIAO","item","1","1","289058 Replica Armor Set: Standard Enforcer OFAB (OnUse, requested QL 1)","No capture and no unique client-data inference"
"RIAP","item","1","1","289077 Replica Armor Set: Penultimate Keeper OFAB with Helmet (OnUse, requested QL 1)","No capture and no unique client-data inference"
"RIAR","item","1","1","289033 Replica Armor Set: Combined Scout's (OnUse, requested QL 1)","No capture and no unique client-data inference"
"RIAS","item","1","1","289050 Replica Armor Set: Standard Soldier OFAB (OnUse, requested QL 1)","No capture and no unique client-data inference"
"RIAT","item","1","1","289057 Replica Armor Set: Standard Bureaucrat OFAB (OnUse, requested QL 1)","No capture and no unique client-data inference"
"RIM4","item","1","1","274539 Mission Resolve 4SRX (OnEnter, requested QL 1)","No capture and no unique client-data inference"
"RIMQ","nano-only","1","1","278617 Magnifying Glass Location Achieved BX11 (OnUse, requested QL 1)","No capture and no unique client-data inference"
"RIRN","item","1","1","236167 Rimy Ring (OnUse, requested QL 1)","No capture and no unique client-data inference"
"RISD","item","1","1","284618 Radio SDF Shirt - Black (OnUse, requested QL 1)","No capture and no unique client-data inference"
"RKNL","item","2","2","304559 Vacuum Packed Crude Silencer Armor (OnUse, requested QL 1) | 304560 Vacuum Packed Crude Silencer Armor (OnUse, requested QL 220)","No capture and no unique client-data inference"
"RLAE","item","1","1","289027 Replica Armor Set: Combined Scout's with Helmet (OnUse, requested QL 1)","No capture and no unique client-data inference"
"RLAM","item","1","1","289035 Replica Armor Set: Combined Sharpshooter's (OnUse, requested QL 1)","No capture and no unique client-data inference"
"RLAO","item","1","1","289026 Replica Armor Set: Combined Officer's with Helmet (OnUse, requested QL 1)","No capture and no unique client-data inference"
"RLAR","item","1","1","289031 Replica Armor Set: Combined Mercenary's (OnUse, requested QL 1)","No capture and no unique client-data inference"
"RLAT","item","1","1","289037 Replica Armor Set: Standard Martial Artist OFAB with Helmet (OnUse, requested QL 1)","No capture and no unique client-data inference"
"RLET","item","1","1","285391 Spawn Killersphere (OnUse, requested QL 1)","No capture and no unique client-data inference"
"RLMI","item","1","1","269509 Mission Resolve YW67 (OnEnter, requested QL 1)","No capture and no unique client-data inference"
"RLMS","item","1","1","269506 Mission Resolve ROBP (OnEnter, requested QL 1)","No capture and no unique client-data inference"
"RLQU","item","1","1","248256 Agent Nanoprogram Container (OnUse, requested QL 1)","Retail sniff required: normal versus damaged crystal"
"RMAA","item","1","1","289063 Replica Armor Set: Standard Shade OFAB (OnUse, requested QL 1)","No capture and no unique client-data inference"
"RMAD","item","1","1","289044 Replica Armor Set: Standard Enforcer OFAB with Helmet (OnUse, requested QL 1)","No capture and no unique client-data inference"
"RMAE","item","1","1","289049 Replica Armor Set: Standard Shade OFAB with Helmet (OnUse, requested QL 1)","No capture and no unique client-data inference"
"RMAI","item","1","1","289105 Replica Armor Set: Superior Sentinel's Set (OnUse, requested QL 1)","No capture and no unique client-data inference"
"RMAL","item","1","1","289092 Replica Armor Set: Penultimate Shade OFAB (OnUse, requested QL 1)","No capture and no unique client-data inference"
"RMAM","item","1","1","289100 Replica Armor Set: Omni-Armed Forces with Helmet (OnUse, requested QL 1)","No capture and no unique client-data inference"
"RMAN","item","1","1","289039 Replica Armor Set: Standard Fixer OFAB with Helmet (OnUse, requested QL 1)","No capture and no unique client-data inference"
"RMAO","item","1","1","289074 Replica Armor Set: Penultimate Doctor OFAB with Helmet (OnUse, requested QL 1)","No capture and no unique client-data inference"
"RMAP","item","1","1","289080 Replica Armor Set: Penultimate Martial Artist OFAB (OnUse, requested QL 1)","No capture and no unique client-data inference"
"RMAR","item","1","1","289085 Replica Armor Set: Penultimate Trader OFAB (OnUse, requested QL 1)","No capture and no unique client-data inference"
"RMAS","item","1","1","289061 Replica Armor Set: Standard Meta-Physicist OFAB (OnUse, requested QL 1)","No capture and no unique client-data inference"
"RMAT","item","1","1","289055 Replica Armor Set: Standard Adventurer OFAB (OnUse, requested QL 1)","No capture and no unique client-data inference"
"RMAU","item","1","1","289065 Replica Armor Set: Penultimate Martial Artist OFAB with Helmet (OnUse, requested QL 1)","No capture and no unique client-data inference"
"RMM2","item","1","1","275741 Mission Resolve 27L0 (OnEnter, requested QL 1)","No capture and no unique client-data inference"
"RMRI","item","1","1","236167 Rimy Ring (OnUse, requested QL 1)","No capture and no unique client-data inference"
"RMRN","item","1","1","236167 Rimy Ring (OnUse, requested QL 1)","No capture and no unique client-data inference"
"RNAT","item","1","1","289076 Replica Armor Set: Penultimate Meta-Physicist OFAB with Helmet (OnUse, requested QL 1)","No capture and no unique client-data inference"
"RNMS","item","1","1","301786 Sealed Reindeer Mask (OnUse, requested QL 1)","No capture and no unique client-data inference"
"ROAA","item","1","1","289045 Replica Armor Set: Standard Doctor OFAB with Helmet (OnUse, requested QL 1)","No capture and no unique client-data inference"
"ROAD","item","1","1","289099 Replica Armor Set: Pandemonium (OnUse, requested QL 1)","No capture and no unique client-data inference"
"ROAI","item","1","1","289104 Replica Armor Set: Superior Sentinel's Set with Helmet (OnUse, requested QL 1)","No capture and no unique client-data inference"
"ROAL","item","1","1","289067 Replica Armor Set: Penultimate Fixer OFAB with Helmet (OnUse, requested QL 1)","No capture and no unique client-data inference"
"ROAM","item","1","1","289102 Replica Armor Set: Omni-Med Battle Suit with Helmet (OnUse, requested QL 1)","No capture and no unique client-data inference"
"ROAN","item","2","2","289043 Replica Armor Set: Standard Bureaucrat OFAB with Helmet (OnUse, requested QL 1) | 289064 Replica Armor Set: Penultimate Soldier OFAB with Helmet (OnUse, requested QL 1)","No capture and no unique client-data inference"
"ROAO","item","1","1","289103 Replica Armor Set: Omni-Med Battle Suit (OnUse, requested QL 1)","No capture and no unique client-data inference"
"ROAP","item","1","1","289083 Replica Armor Set: Penultimate Agent OFAB (OnUse, requested QL 1)","No capture and no unique client-data inference"
"ROAR","item","1","1","289075 Replica Armor Set: Penultimate Nano-Technician OFAB with Helmet (OnUse, requested QL 1)","No capture and no unique client-data inference"
"ROAS","item","1","1","289062 Replica Armor Set: Standard Keeper OFAB (OnUse, requested QL 1)","No capture and no unique client-data inference"
"ROAT","item","1","1","289040 Replica Armor Set: Standard Agent OFAB with Helmet (OnUse, requested QL 1)","No capture and no unique client-data inference"
"ROMB","item","1","1","273226 Mission Resolve B67T (OnEnter, requested QL 1)","No capture and no unique client-data inference"
"ROMI","item","1","1","269508 Mission Resolve 3PR1 (OnEnter, requested QL 1)","No capture and no unique client-data inference"
"ROMN","nano-only","1","1","278871 Mission resolveteam E1PO (OnUse, requested QL 1)","No capture and no unique client-data inference"
"ROMS","item","1","1","269498 Mission Resolve XSKM (OnEnter, requested QL 1)","No capture and no unique client-data inference"
"ROMZ","nano-only","1","1","278623 Magnifying Glass Location Achieved MVCN (OnUse, requested QL 1)","No capture and no unique client-data inference"
"RPAE","item","1","1","289056 Replica Armor Set: Standard Trader OFAB (OnUse, requested QL 1)","No capture and no unique client-data inference"
"RPAM","item","1","1","289032 Replica Armor Set: Combined Officer's (OnUse, requested QL 1)","No capture and no unique client-data inference"
"RPAN","item","1","1","289068 Replica Armor Set: Penultimate Agent OFAB with Helmet (OnUse, requested QL 1)","No capture and no unique client-data inference"
"RPAO","item","1","1","289025 Replica Armor Set: Combined Mercenary's with Helmet (OnUse, requested QL 1)","No capture and no unique client-data inference"
"RPAP","item","1","1","289081 Replica Armor Set: Penultimate Engineer OFAB (OnUse, requested QL 1)","No capture and no unique client-data inference"
"RPAR","item","1","1","289030 Replica Armor Set: Combined Commando's (OnUse, requested QL 1)","No capture and no unique client-data inference"
"RPAS","item","1","1","289053 Replica Armor Set: Standard Fixer OFAB (OnUse, requested QL 1)","No capture and no unique client-data inference"
"RRAA","item","1","1","289060 Replica Armor Set: Standard Nano-Technician OFAB (OnUse, requested QL 1)","No capture and no unique client-data inference"
"RRAD","item","1","1","289041 Replica Armor Set: Standard Adventurer OFAB with Helmet (OnUse, requested QL 1)","No capture and no unique client-data inference"
"RRAE","item","1","1","269415 Research Attunement Device - Offense Level One (OnUse, requested QL 100)","No capture and no unique client-data inference"
"RRAI","item","1","1","289096 Replica Armor Set: ICC Peacekeeper with Helmet (OnUse, requested QL 1)","No capture and no unique client-data inference"
"RRAM","item","1","1","269413 Research Attunement Device - Offense Level Two (OnUse, requested QL 100)","No capture and no unique client-data inference"
"RRAO","item","1","1","289087 Replica Armor Set: Penultimate Enforcer OFAB (OnUse, requested QL 1)","No capture and no unique client-data inference"
"RRAP","item","1","1","289086 Replica Armor Set: Penultimate Bureaucrat OFAB (OnUse, requested QL 1)","No capture and no unique client-data inference"
"RRAR","item","2","2","289036 Replica Armor Set: Standard Soldier OFAB with Helmet (OnUse, requested QL 1) | 289064 Replica Armor Set: Penultimate Soldier OFAB with Helmet (OnUse, requested QL 1)","No capture and no unique client-data inference"
"RRAS","item","1","1","289059 Replica Armor Set: Standard Doctor OFAB (OnUse, requested QL 1)","No capture and no unique client-data inference"
"RRAT","item","1","1","269406 Research Attunement Device - Nano Technology Level One (OnUse, requested QL 100)","No capture and no unique client-data inference"
"RRAU","item","1","1","269412 Research Attunement Device - Defense Level One (OnUse, requested QL 100)","No capture and no unique client-data inference"
"RRBM","item","1","1","288340 Placard - !points (OnUse, requested QL 1)","No capture and no unique client-data inference"
"RRTS","item","1","1","303463 Nophex Equipment Voucher (OnUse, requested QL 300)","No capture and no unique client-data inference"
"RS2I","item","1","1","305232 Box of Things and Garbage (OnUse, requested QL 160)","No capture and no unique client-data inference"
"RSAA","item","1","1","289098 Replica Armor Set: Pandemonium with Helmet (OnUse, requested QL 1)","No capture and no unique client-data inference"
"RSAD","item","1","1","289047 Replica Armor Set: Standard Meta-Physicist OFAB with Helmet (OnUse, requested QL 1)","No capture and no unique client-data inference"
"RSAE","item","1","1","289088 Replica Armor Set: Penultimate Doctor OFAB (OnUse, requested QL 1)","No capture and no unique client-data inference"
"RSAI","item","1","1","289071 Replica Armor Set: Penultimate Soldier OFAB with Helmet (OnUse, requested QL 1)","No capture and no unique client-data inference"
"RSAM","item","1","1","289073 Replica Armor Set: Penultimate Enforcer OFAB with Helmet (OnUse, requested QL 1)","No capture and no unique client-data inference"
"RSAN","item","1","1","269416 Research Attunement Device - Health Level Two (OnUse, requested QL 100)","No capture and no unique client-data inference"
"RSAP","item","1","1","289082 Replica Armor Set: Penultimate Fixer OFAB (OnUse, requested QL 1)","No capture and no unique client-data inference"
"RSAR","item","1","1","289048 Replica Armor Set: Standard Keeper OFAB with Helmet (OnUse, requested QL 1)","No capture and no unique client-data inference"
"RSAU","item","1","1","269408 Research Attunement Device - Medical Level Two (OnUse, requested QL 100)","No capture and no unique client-data inference"
"RSM8","nano-only","1","1","280037 Mission resolveteam 8PW4 (OnUse, requested QL 1)","No capture and no unique client-data inference"
"RSMB","item","1","1","273225 Mission Resolve BSY9 (OnEnter, requested QL 1)","No capture and no unique client-data inference"
"RSMC","item","1","1","273099 Mission Resolve CTXE (OnEnter, requested QL 1)","No capture and no unique client-data inference"
"RSMH","item","1","1","273227 Mission Resolve HSFK (OnEnter, requested QL 1)","No capture and no unique client-data inference"
"RSMJ","nano-only","1","1","274331 Mission resolveteam JV8Z (OnUse, requested QL 1)","No capture and no unique client-data inference"
"RSML","nano-only","1","1","277428 Transformation (OnUse, requested QL 1)","No capture and no unique client-data inference"
"RSMM","nano-only","1","1","278620 Magnifying Glass Location Achieved WQEL (OnUse, requested QL 1)","No capture and no unique client-data inference"
"RSMN","item","1","1","269507 Mission Resolve X8ZZ (OnEnter, requested QL 1)","No capture and no unique client-data inference"
"RSUV","item","1","1","287561 Agency NCU Analyzer (OnTerminate, requested QL 14)","No capture and no unique client-data inference"
"RT61","item","1","1","290621 Standard Lottery Ticket (OnUse, requested QL 300)","No capture and no unique client-data inference"
"RTAE","item","1","1","289072 Replica Armor Set: Penultimate Bureaucrat OFAB with Helmet (OnUse, requested QL 1)","No capture and no unique client-data inference"
"RTAM","item","1","1","289078 Replica Armor Set: Penultimate Shade OFAB with Helmet (OnUse, requested QL 1)","No capture and no unique client-data inference"
"RTAN","item","1","1","289070 Replica Armor Set: Penultimate Trader OFAB with Helmet (OnUse, requested QL 1)","No capture and no unique client-data inference"
"RTAO","item","1","1","289101 Replica Armor Set: Omni-Armed Forces (OnUse, requested QL 1)","No capture and no unique client-data inference"
"RTAP","item","1","1","289091 Replica Armor Set: Penultimate Keeper OFAB (OnUse, requested QL 1)","No capture and no unique client-data inference"
"RTAS","item","1","1","289042 Replica Armor Set: Standard Trader OFAB with Helmet (OnUse, requested QL 1)","No capture and no unique client-data inference"
"RTAT","item","1","1","289038 Replica Armor Set: Standard Engineer OFAB with Helmet (OnUse, requested QL 1)","No capture and no unique client-data inference"
"RTAU","item","1","1","289089 Replica Armor Set: Penultimate Nano-Technician OFAB (OnUse, requested QL 1)","No capture and no unique client-data inference"
"RTAV","item","1","1","269418 Research Attunement Device - Health Level One (OnUse, requested QL 100)","No capture and no unique client-data inference"
"RTGN","item","1","1","281507 Rhat'Ata Gun (OnUse, requested QL 300)","No capture and no unique client-data inference"
"RTTH","item","1","1","302332 Raetos's T-shirt Spawner (OnUse, requested QL 1)","No capture and no unique client-data inference"
"RURC","item","2","2","295820 TESTLIVEITEM: StarterPack (OnUse, requested QL 1) | 303444 Pack of Beacons (OnUse, requested QL 1)","No capture and no unique client-data inference"
"RVM6","item","2","2","275816 Ravening M-60 (OnUse, requested QL 220) | 276063 Building Ravening M-60 (OnTerminate, requested QL 220)","No capture and no unique client-data inference"
"RVMI","item","1","1","273093 Mission Resolve EJO4 (OnEnter, requested QL 1)","No capture and no unique client-data inference"
"RVMO","nano-only","1","1","270038 BZMJ Playfield nano (OnUse, requested QL 1)","No capture and no unique client-data inference"
"RYRG","item","1","1","236167 Rimy Ring (OnUse, requested QL 1)","No capture and no unique client-data inference"
"RYRN","item","1","1","236167 Rimy Ring (OnUse, requested QL 1)","No capture and no unique client-data inference"
"S7DP","item","4","4","295830 NPE Playfield Item (OnUse, requested QL 1) | 304365 Clans (OnEnter, requested QL 1) | 304366 Neutral (OnEnter, requested QL 1)","No capture and no unique client-data inference"
"SABG","item","1","1","268712 Shopping Bag (OnUse, requested QL 1)","No capture and no unique client-data inference"
"SAEA","item","1","1","301806 Sealed Snowflake Etching Machine - Flake #1 (OnUse, requested QL 1)","No capture and no unique client-data inference"
"SAEG","item","1","1","287475 Weapon Rack (OnUse, requested QL 1)","No capture and no unique client-data inference"
"SAGN","item","1","1","288684 Submachine Gun Barrel (OnUse, requested QL 1)","No capture and no unique client-data inference"
"SAGR","item","1","1","287475 Weapon Rack (OnUse, requested QL 1)","No capture and no unique client-data inference"
"SAHT","item","2","2","206161 Vacuum Packed Santa Hat (OnUse, requested QL 1) | 289240 Vacuum Packed Santa Outfit (OnUse, requested QL 1)","No capture and no unique client-data inference"
"SAIN","item","1","1","206369 Inner Sanctum (OnUseItemOn, requested QL 1)","No capture and no unique client-data inference"
"SAIS","item","2","2","303437 Experienced Shadowlands Explorer Pack (OnUse, requested QL 200) | 304570 Experienced Shadowlands Explorer Pack (OnUse, requested QL 200)","No capture and no unique client-data inference"
"SAJU","item","2","2","303431 Sealed Junior Ofab Weapons (OnUse, requested QL 1) | 303432 Sealed Junior Ofab Weapons (OnUse, requested QL 220)","No capture and no unique client-data inference"
"SAMK","item","1","1","301793 Sealed Santa Mask (OnUse, requested QL 1)","No capture and no unique client-data inference"
"SAOF","item","1","1","287475 Weapon Rack (OnUse, requested QL 1)","No capture and no unique client-data inference"
"SAPC","item","3","1","286431 Box of Stuff (OnUse, requested QL 300) | 286431 Box of Stuff (OnUse, requested QL 275) | 286431 Box of Stuff (OnUse, requested QL 250)","No capture and no unique client-data inference"
"SARF","nano-only","1","1","301633 Spawn Shadow Rift (OnUse, requested QL 1)","No capture and no unique client-data inference"
"SARG","item","1","1","236174 Sanguine Ring (OnUse, requested QL 1)","No capture and no unique client-data inference"
"SARN","item","1","1","236174 Sanguine Ring (OnUse, requested QL 1)","No capture and no unique client-data inference"
"SASM","nano-only","1","1","224414 Summon Shadowweb Spinner MK VI (OnUse, requested QL 1)","No capture and no unique client-data inference"
"SASN","nano-only","1","1","224403 Summon Shadowweb Spinner MK I (OnUse, requested QL 1)","No capture and no unique client-data inference"
"SATF","item","4","4","293451 Spawn Entvined vs Enigma Reward Item (OnTerminate, requested QL 11) | 293452 Spawn Entvined vs Enigma Reward Item (OnTerminate, requested QL 20) | 293510 Spawn Entvined vs Enigma Reward Item (OnTerminate, requested QL 11)","No capture and no unique client-data inference"
"SBBG","item","1","1","268708 Shopping Bag (OnUse, requested QL 1)","No capture and no unique client-data inference"
"SBGS","item","1","1","288686 Submachine Gun Stock (OnUse, requested QL 1)","No capture and no unique client-data inference"
"SBHT","item","1","1","302052 Sealed Adorable Feelers (OnUse, requested QL 1)","No capture and no unique client-data inference"
"SBSM","nano-only","1","1","224412 Summon Shadowweb Spinner MK V (OnUse, requested QL 1)","No capture and no unique client-data inference"
"SBSR","nano-only","1","1","224422 Summon Shadowweb Spinner MK X (OnUse, requested QL 1)","No capture and no unique client-data inference"
"SBSS","item","1","1","270403 Gift Wrapped Ski Suit (OnUse, requested QL 1)","No capture and no unique client-data inference"
"SCDJ","item","1","1","302336 Spynosaur's T-shirt Spawner (OnUse, requested QL 1)","No capture and no unique client-data inference"
"SCED","item","2","2","289606 TESTLIVE ITEM: OFAB Armor Dispenser (OnUse, requested QL 300) | 289607 TESTLIVE ITEM: OFAB Armor Dispenser (OnUse, requested QL 300)","No capture and no unique client-data inference"
"SCHL","item","1","1","287202 Unaligned Building Structure: BFSHKASXCXZZZXXHHHHSASF!111 (OnUse, requested QL 1)","No capture and no unique client-data inference"
"SCSD","item","1","1","294555 TESTLIVEITEM: Deluxe Box of Nanocrystals (OnUse, requested QL 1)","No capture and no unique client-data inference"
"SCSF","item","1","1","246891 Spirit Shroud of the Support Unit (OnUse, requested QL 200)","No capture and no unique client-data inference"
"SDEA","item","2","2","289606 TESTLIVE ITEM: OFAB Armor Dispenser (OnUse, requested QL 300) | 289607 TESTLIVE ITEM: OFAB Armor Dispenser (OnUse, requested QL 300)","No capture and no unique client-data inference"
"SDEB","item","2","2","289606 TESTLIVE ITEM: OFAB Armor Dispenser (OnUse, requested QL 300) | 289607 TESTLIVE ITEM: OFAB Armor Dispenser (OnUse, requested QL 300)","No capture and no unique client-data inference"
"SDED","item","2","2","289606 TESTLIVE ITEM: OFAB Armor Dispenser (OnUse, requested QL 300) | 289607 TESTLIVE ITEM: OFAB Armor Dispenser (OnUse, requested QL 300)","No capture and no unique client-data inference"
"SDEF","item","2","2","289606 TESTLIVE ITEM: OFAB Armor Dispenser (OnUse, requested QL 300) | 289607 TESTLIVE ITEM: OFAB Armor Dispenser (OnUse, requested QL 300)","No capture and no unique client-data inference"
"SDEO","item","2","2","289606 TESTLIVE ITEM: OFAB Armor Dispenser (OnUse, requested QL 300) | 289607 TESTLIVE ITEM: OFAB Armor Dispenser (OnUse, requested QL 300)","No capture and no unique client-data inference"
"SDOY","item","1","1","304638 Vacuum Packed Yamauchi's Regalia (OnUse, requested QL 1)","No capture and no unique client-data inference"
"SDPD","item","1","1","277390 Happy Panda Mask (OnUse, requested QL 1)","No capture and no unique client-data inference"
"SDPN","item","1","1","289169 Happy Panda Mask (Replica) (OnUse, requested QL 1)","No capture and no unique client-data inference"
"SDPY","item","2","2","304565 Sealed Prototype Ofab Weapons (OnUse, requested QL 1) | 304566 Sealed Prototype Ofab Weapons (OnUse, requested QL 220)","No capture and no unique client-data inference"
"SDRA","item","1","1","303444 Pack of Beacons (OnUse, requested QL 1)","No capture and no unique client-data inference"
"SDRO","nano-only","1","1","301633 Spawn Shadow Rift (OnUse, requested QL 1)","No capture and no unique client-data inference"
"SDSF","item","1","1","246889 Spirit Shroud of the Artillery Unit (OnUse, requested QL 200)","No capture and no unique client-data inference"
"SDSH","item","1","1","245594 Light Perennium Container (OnUse, requested QL 150)","No capture and no unique client-data inference"
"SDSN","nano-only","1","1","224410 Summon Shadowweb Spinner MK IV (OnUse, requested QL 1)","No capture and no unique client-data inference"
"SDTH","nano-only","1","1","290931 A Shirt for You (OnUse, requested QL 1)","No capture and no unique client-data inference"
"SDTU","item","4","4","293455 Spawn Entvined vs Enigma Reward Item (OnTerminate, requested QL 31) | 293456 Spawn Entvined vs Enigma Reward Item (OnTerminate, requested QL 40) | 293514 Spawn Entvined vs Enigma Reward Item (OnTerminate, requested QL 31)","No capture and no unique client-data inference"
"SEAV","item","1","1","294555 TESTLIVEITEM: Deluxe Box of Nanocrystals (OnUse, requested QL 1)","No capture and no unique client-data inference"
"SEEU","item","2","2","289606 TESTLIVE ITEM: OFAB Armor Dispenser (OnUse, requested QL 300) | 289607 TESTLIVE ITEM: OFAB Armor Dispenser (OnUse, requested QL 300)","No capture and no unique client-data inference"
"SEFF","item","1","1","258581 Sealed Container of Foodstuffs (OnUse, requested QL 200)","No capture and no unique client-data inference"
"SEFX","item","1","1","294555 TESTLIVEITEM: Deluxe Box of Nanocrystals (OnUse, requested QL 1)","No capture and no unique client-data inference"
"SEGD","item","1","1","303440 Garden Access Pack (OnUse, requested QL 1)","No capture and no unique client-data inference"
"SEHO","item","1","1","287202 Unaligned Building Structure: BFSHKASXCXZZZXXHHHHSASF!111 (OnUse, requested QL 1)","No capture and no unique client-data inference"
"SEJN","item","8","8","303433 Jumpstart Pack (OnUse, requested QL 1) | 303434 Temple Explorer Pack (OnUse, requested QL 60) | 303435 Biomare Explorer Pack (OnUse, requested QL 100)","No capture and no unique client-data inference"
"SEJU","item","2","2","303431 Sealed Junior Ofab Weapons (OnUse, requested QL 1) | 303432 Sealed Junior Ofab Weapons (OnUse, requested QL 220)","No capture and no unique client-data inference"
"SEOL","item","1","1","304170 Box of Guns (OnUse, requested QL 1)","No capture and no unique client-data inference"
"SESM","nano-only","1","1","224416 Summon Shadowweb Spinner MK VII (OnUse, requested QL 1)","No capture and no unique client-data inference"
"SESX","nano-only","1","1","273349 Summon Shadowweb Spinner MK XI (OnUse, requested QL 1)","No capture and no unique client-data inference"
"SETU","item","4","4","293453 Spawn Entvined vs Enigma Reward Item (OnTerminate, requested QL 21) | 293454 Spawn Entvined vs Enigma Reward Item (OnTerminate, requested QL 30) | 293512 Spawn Entvined vs Enigma Reward Item (OnTerminate, requested QL 21)","No capture and no unique client-data inference"
"SFE6","item","2","2","302060 Nophex 3D Printer: Love Edition (OnUse, requested QL 1) | 302061 Nophex Mass Deluxe 3D Printing (OnUse, requested QL 1)","No capture and no unique client-data inference"
"SFOK","item","1","1","270370 Gift Wrapped Outfit of the King (OnUse, requested QL 1)","No capture and no unique client-data inference"
"SFQW","item","1","1","285741 Alien Flesh Ripper (OnUse, requested QL 1)","No capture and no unique client-data inference"
"SGAT","item","1","1","294555 TESTLIVEITEM: Deluxe Box of Nanocrystals (OnUse, requested QL 1)","No capture and no unique client-data inference"
"SGBG","item","1","1","268707 Shopping Bag (OnUse, requested QL 1)","No capture and no unique client-data inference"
"SGBY","item","14","14","303434 Temple Explorer Pack (OnUse, requested QL 60) | 303435 Biomare Explorer Pack (OnUse, requested QL 100) | 303436 Initial Outzone Explorer Pack (OnUse, requested QL 150)","No capture and no unique client-data inference"
"SGGS","item","1","1","288685 Submachine Gun Scope (OnUse, requested QL 1)","No capture and no unique client-data inference"
"SGRN","item","1","1","236174 Sanguine Ring (OnUse, requested QL 1)","No capture and no unique client-data inference"
"SGSH","item","1","1","270403 Gift Wrapped Ski Suit (OnUse, requested QL 1)","No capture and no unique client-data inference"
"SHBG","item","1","1","268709 Shopping Bag (OnUse, requested QL 1)","No capture and no unique client-data inference"
"SHCP","item","1","1","270406 Gift Wrapped Footwear Assortment (OnUse, requested QL 1)","No capture and no unique client-data inference"
"SHCY","item","1","1","294555 TESTLIVEITEM: Deluxe Box of Nanocrystals (OnUse, requested QL 200)","No capture and no unique client-data inference"
"SHNN","item","1","1","302080 Sealed Profession Nanodeck (OnUse, requested QL 1)","No capture and no unique client-data inference"
"SHOA","nano-only","1","1","154971 Creation: Shield of Asmodian (OnUse, requested QL 199)","No capture and no unique client-data inference"
"SHRF","nano-only","1","1","301633 Spawn Shadow Rift (OnUse, requested QL 1)","No capture and no unique client-data inference"
"SHRT","nano-only","1","1","301633 Spawn Shadow Rift (OnUse, requested QL 1)","No capture and no unique client-data inference"
"SHSH","item","2","2","239760 Box of Nanocrystals (OnUse, requested QL 300) | 239761 Box of Nanocrystals (OnUse, requested QL 1)","No capture and no unique client-data inference"
"SHSN","nano-only","1","1","224405 Summon Shadowweb Spinner MK II (OnUse, requested QL 1)","No capture and no unique client-data inference"
"SHTH","nano-only","1","1","290930 A Shirt for You (OnUse, requested QL 1)","No capture and no unique client-data inference"
"SHVR","item","1","1","286277 Equipment Pack (OnUse, requested QL 1)","No capture and no unique client-data inference"
"SIBB","item","2","1","286428 Box of Stuff (OnUse, requested QL 300) | 286428 Box of Stuff (OnUse, requested QL 275)","No capture and no unique client-data inference"
"SIBU","item","2","1","286428 Box of Stuff (OnUse, requested QL 300) | 286428 Box of Stuff (OnUse, requested QL 275)","No capture and no unique client-data inference"
"SICB","item","1","1","270413 Gift Wrapped Cloak Assortment #1 (OnUse, requested QL 1)","No capture and no unique client-data inference"
"SIEO","item","2","2","289606 TESTLIVE ITEM: OFAB Armor Dispenser (OnUse, requested QL 300) | 289607 TESTLIVE ITEM: OFAB Armor Dispenser (OnUse, requested QL 300)","No capture and no unique client-data inference"
"SIHE","item","1","1","303267 Vacuum Packed Silencer Armor (OnUse, requested QL 1)","No capture and no unique client-data inference"
"SIHI","item","1","1","270409 Gift Wrapped Hipster Assortment (OnUse, requested QL 1)","No capture and no unique client-data inference"
"SIHP","item","1","1","270409 Gift Wrapped Hipster Assortment (OnUse, requested QL 1)","No capture and no unique client-data inference"
"SIID","item","2","2","303777 Subway Explorer Pack (OnUse, requested QL 25) | 304572 Subway Explorer Pack (OnUse, requested QL 25)","No capture and no unique client-data inference"
"SIIG","item","17","17","266337 Stripped Cyberdeck (OnUse, requested QL 1) | 266338 Stripped Cyberdeck (OnUse, requested QL 1) | 266339 Stripped Cyberdeck (OnUse, requested QL 1)","No capture and no unique client-data inference"
"SIIR","item","17","17","266337 Stripped Cyberdeck (OnUse, requested QL 1) | 266338 Stripped Cyberdeck (OnUse, requested QL 1) | 266339 Stripped Cyberdeck (OnUse, requested QL 1)","No capture and no unique client-data inference"
"SIKI","item","1","1","270416 Gift Wrapped Cloak Assortment #3 (OnUse, requested QL 1)","No capture and no unique client-data inference"
"SIM8","nano-only","1","1","281591 Solve Mission Playfield 8QDR Nano (OnUse, requested QL 1)","No capture and no unique client-data inference"
"SIMD","item","1","1","287981 Empty Power Core Slot (OnUseItemOn, requested QL 1)","No capture and no unique client-data inference"
"SIOW","nano-only","1","1","304937 Eat Pant (OnTerminate, requested QL 1)","No capture and no unique client-data inference"
"SIRF","item","1","1","236174 Sanguine Ring (OnUse, requested QL 1)","No capture and no unique client-data inference"
"SITU","item","1","1","284434 Sigma Tuning Unit - Inactive (OnUse, requested QL 1)","No capture and no unique client-data inference"
"SJSJ","item","1","1","270403 Gift Wrapped Ski Suit (OnUse, requested QL 1)","No capture and no unique client-data inference"
"SJY0","item","4","4","295830 NPE Playfield Item (OnUse, requested QL 1) | 304365 Clans (OnEnter, requested QL 1) | 304366 Neutral (OnEnter, requested QL 1)","No capture and no unique client-data inference"
"SKFY","item","1","1","301785 Sealed Nano Crystal (Aspect of the Antleet) (OnUse, requested QL 1)","No capture and no unique client-data inference"
"SKGN","item","3","3","273043 TESTLIVEITEM: StarterPack (OnUse, requested QL 1) | 297054 Vacuum Packed Omni-Med Suit (OnUse, requested QL 1) | 304006 Vacuum Packed Omni-Med Suit (OnUse, requested QL 1)","No capture and no unique client-data inference"
"SKPA","item","1","1","270401 Gift Wrapped Slick Suit (OnUse, requested QL 1)","No capture and no unique client-data inference"
"SKSO","item","1","1","270401 Gift Wrapped Slick Suit (OnUse, requested QL 1)","No capture and no unique client-data inference"
"SKSU","item","1","1","270403 Gift Wrapped Ski Suit (OnUse, requested QL 1)","No capture and no unique client-data inference"
"SLBU","item","1","1","294555 TESTLIVEITEM: Deluxe Box of Nanocrystals (OnUse, requested QL 1)","No capture and no unique client-data inference"
"SLBZ","item","1","1","303443 Bundle of Opulence (OnUse, requested QL 1)","No capture and no unique client-data inference"
"SLDO","item","1","1","294555 TESTLIVEITEM: Deluxe Box of Nanocrystals (OnUse, requested QL 1)","No capture and no unique client-data inference"
"SLGL","item","1","1","303267 Vacuum Packed Silencer Armor (OnUse, requested QL 1)","No capture and no unique client-data inference"
"SLID","item","2","2","304490 Backyard Explorer Pack (OnUse, requested QL 1) | 304573 Backyard Explorer Pack (OnUse, requested QL 1)","No capture and no unique client-data inference"
"SLJA","item","1","1","270401 Gift Wrapped Slick Suit (OnUse, requested QL 1)","No capture and no unique client-data inference"
"SLLW","item","1","1","303442 Leet Bundle (OnUse, requested QL 1)","No capture and no unique client-data inference"
"SLMH","item","1","1","294555 TESTLIVEITEM: Deluxe Box of Nanocrystals (OnUse, requested QL 1)","No capture and no unique client-data inference"
"SLMK","item","1","1","303267 Vacuum Packed Silencer Armor (OnUse, requested QL 1)","No capture and no unique client-data inference"
"SLNN","item","1","1","294555 TESTLIVEITEM: Deluxe Box of Nanocrystals (OnUse, requested QL 1)","No capture and no unique client-data inference"
"SLOZ","nano-only","1","1","273376 Creation: Shield of Zset (OnUse, requested QL 215)","No capture and no unique client-data inference"
"SLPH","item","3","1","286431 Box of Stuff (OnUse, requested QL 300) | 286431 Box of Stuff (OnUse, requested QL 275) | 286431 Box of Stuff (OnUse, requested QL 250)","No capture and no unique client-data inference"
"SLPO","item","1","1","287475 Weapon Rack (OnUse, requested QL 1)","No capture and no unique client-data inference"
"SLPY","item","7","7","304567 Temple Explorer Pack (OnUse, requested QL 60) | 304568 Biomare Explorer Pack (OnUse, requested QL 100) | 304569 Initial Outzone Explorer Pack (OnUse, requested QL 150)","No capture and no unique client-data inference"
"SLRE","item","1","1","270416 Gift Wrapped Cloak Assortment #3 (OnUse, requested QL 1)","No capture and no unique client-data inference"
"SLSY","item","2","2","303438 Pandemonium Explorer Pack (OnUse, requested QL 215) | 304571 Pandemonium Explorer Pack (OnUse, requested QL 215)","No capture and no unique client-data inference"
"SLTD","item","1","1","294555 TESTLIVEITEM: Deluxe Box of Nanocrystals (OnUse, requested QL 1)","No capture and no unique client-data inference"
"SLVT","nano-only","5","1","305464 Beam Me Up (OnTerminate, requested QL 5) | 305464 Beam Me Up (OnTerminate, requested QL 9) | 305464 Beam Me Up (OnTerminate, requested QL 4)","No capture and no unique client-data inference"
"SLXR","item","50","1","305226 Box of Things and Garbage (OnUse, requested QL 133) | 305226 Box of Things and Garbage (OnUse, requested QL 132) | 305226 Box of Things and Garbage (OnUse, requested QL 131)","No capture and no unique client-data inference"
"SMHT","item","1","1","302057 Sealed Tophat (OnUse, requested QL 1)","No capture and no unique client-data inference"
"SMOC","item","1","1","273542 Fly Agaric (OnUse, requested QL 1)","No capture and no unique client-data inference"
"SMVC","item","1","1","288331 Placard - I Lost My Other Placard (OnUse, requested QL 1)","No capture and no unique client-data inference"
"SNAD","item","1","1","287861 Defense Drone Col Spawn 1 (OnUse, requested QL 1)","No capture and no unique client-data inference"
"SNBG","item","1","1","268718 Shopping Bag (OnUse, requested QL 1)","No capture and no unique client-data inference"
"SNGP","item","220","1","305239 Box of Things and Garbage (OnUse, requested QL 148) | 305239 Box of Things and Garbage (OnUse, requested QL 147) | 305239 Box of Things and Garbage (OnUse, requested QL 146)","No capture and no unique client-data inference"
"SNID","item","2","2","303435 Biomare Explorer Pack (OnUse, requested QL 100) | 304568 Biomare Explorer Pack (OnUse, requested QL 100)","No capture and no unique client-data inference"
"SNPA","item","1","1","284717 Snowflake Placard (OnUse, requested QL 1)","No capture and no unique client-data inference"
"SNZT","item","1","1","289645 TESTLIVE ITEM: Tier Armor Dispenser (OnUse, requested QL 220)","No capture and no unique client-data inference"
"SNZV","item","1","1","289572 Gift Wrapped Mittens (OnUse, requested QL 1)","No capture and no unique client-data inference"
"SOGU","nano-only","1","1","154973 Creation: Solar Guard (OnUse, requested QL 82)","No capture and no unique client-data inference"
"SOHO","item","1","1","270413 Gift Wrapped Cloak Assortment #1 (OnUse, requested QL 1)","No capture and no unique client-data inference"
"SOHT","item","1","1","302053 Sealed Love Sombrero (OnUse, requested QL 1)","No capture and no unique client-data inference"
"SOIM","item","8","8","303740 Sealed Implant and Spirit Package (OnUse, requested QL 1) | 303741 Sealed Implant and Spirit Package (OnUse, requested QL 200) | 304000 Sealed Implant and Spirit Package (OnUse, requested QL 25)","No capture and no unique client-data inference"
"SOMO","nano-only","1","1","281458 Solve Mission Team 9N0J Nano (OnUse, requested QL 1)","No capture and no unique client-data inference"
"SONN","item","1","1","302080 Sealed Profession Nanodeck (OnUse, requested QL 1)","No capture and no unique client-data inference"
"SOPO","item","1","1","287475 Weapon Rack (OnUse, requested QL 1)","No capture and no unique client-data inference"
"SOPW","item","1","1","287475 Weapon Rack (OnUse, requested QL 1)","No capture and no unique client-data inference"
"SORO","item","1","1","270413 Gift Wrapped Cloak Assortment #1 (OnUse, requested QL 1)","No capture and no unique client-data inference"
"SOSH","item","2","2","239760 Box of Nanocrystals (OnUse, requested QL 300) | 239761 Box of Nanocrystals (OnUse, requested QL 1)","No capture and no unique client-data inference"
"SP38","item","1","1","287475 Weapon Rack (OnUse, requested QL 1)","No capture and no unique client-data inference"
"SPAD","item","222","3","304168 Box of Nanocrystals (OnUse, requested QL 1) | 304169 Box of Nanocrystals (OnUse, requested QL 1) | 304392 YYY (OnUse, requested QL 148)","No capture and no unique client-data inference"
"SPAG","item","222","3","304168 Box of Nanocrystals (OnUse, requested QL 1) | 304169 Box of Nanocrystals (OnUse, requested QL 1) | 304391 YYY (OnUse, requested QL 148)","No capture and no unique client-data inference"
"SPBB","item","2","1","286428 Box of Stuff (OnUse, requested QL 300) | 286428 Box of Stuff (OnUse, requested QL 275)","No capture and no unique client-data inference"
"SPBE","item","222","3","304168 Box of Nanocrystals (OnUse, requested QL 1) | 304169 Box of Nanocrystals (OnUse, requested QL 1) | 304394 YYY (OnUse, requested QL 148)","No capture and no unique client-data inference"
"SPDO","item","222","3","304168 Box of Nanocrystals (OnUse, requested QL 1) | 304169 Box of Nanocrystals (OnUse, requested QL 1) | 304396 YYY (OnUse, requested QL 148)","No capture and no unique client-data inference"
"SPED","item","2","2","289606 TESTLIVE ITEM: OFAB Armor Dispenser (OnUse, requested QL 300) | 289607 TESTLIVE ITEM: OFAB Armor Dispenser (OnUse, requested QL 300)","No capture and no unique client-data inference"
"SPEF","item","222","3","304168 Box of Nanocrystals (OnUse, requested QL 1) | 304169 Box of Nanocrystals (OnUse, requested QL 1) | 304395 YYY (OnUse, requested QL 148)","No capture and no unique client-data inference"
"SPEN","item","222","3","304168 Box of Nanocrystals (OnUse, requested QL 1) | 304169 Box of Nanocrystals (OnUse, requested QL 1) | 304389 ZZZ (OnUse, requested QL 148)","No capture and no unique client-data inference"
"SPEO","item","2","2","289606 TESTLIVE ITEM: OFAB Armor Dispenser (OnUse, requested QL 300) | 289607 TESTLIVE ITEM: OFAB Armor Dispenser (OnUse, requested QL 300)","No capture and no unique client-data inference"
"SPFI","item","222","3","304168 Box of Nanocrystals (OnUse, requested QL 1) | 304169 Box of Nanocrystals (OnUse, requested QL 1) | 304390 YYY (OnUse, requested QL 148)","No capture and no unique client-data inference"
"SPHL","item","1","1","287202 Unaligned Building Structure: BFSHKASXCXZZZXXHHHHSASF!111 (OnUse, requested QL 1)","No capture and no unique client-data inference"
"SPKE","item","14","14","303434 Temple Explorer Pack (OnUse, requested QL 60) | 303435 Biomare Explorer Pack (OnUse, requested QL 100) | 303436 Initial Outzone Explorer Pack (OnUse, requested QL 1)","No capture and no unique client-data inference"
"SPLD","item","4","2","286425 Box of Stuff (OnUse, requested QL 300) | 286425 Box of Stuff (OnUse, requested QL 275) | 286425 Box of Stuff (OnUse, requested QL 250)","No capture and no unique client-data inference"
"SPMA","item","222","3","304168 Box of Nanocrystals (OnUse, requested QL 1) | 304169 Box of Nanocrystals (OnUse, requested QL 1) | 304388 ZZZ (OnUse, requested QL 148)","No capture and no unique client-data inference"
"SPMP","item","222","3","304168 Box of Nanocrystals (OnUse, requested QL 1) | 304169 Box of Nanocrystals (OnUse, requested QL 1) | 304398 YYY (OnUse, requested QL 148)","No capture and no unique client-data inference"
"SPNA","item","14","14","303434 Temple Explorer Pack (OnUse, requested QL 60) | 303435 Biomare Explorer Pack (OnUse, requested QL 100) | 303436 Initial Outzone Explorer Pack (OnUse, requested QL 1)","No capture and no unique client-data inference"
"SPNT","item","222","3","304168 Box of Nanocrystals (OnUse, requested QL 1) | 304169 Box of Nanocrystals (OnUse, requested QL 1) | 304397 YYY (OnUse, requested QL 148)","No capture and no unique client-data inference"
"SPOW","nano-only","5","5","304937 Eat Pant (OnTerminate, requested QL 1) | 304938 Eat Pant (OnTerminate, requested QL 1) | 304939 Eat Pant (OnTerminate, requested QL 1)","No capture and no unique client-data inference"
"SPSO","item","222","3","304168 Box of Nanocrystals (OnUse, requested QL 1) | 304169 Box of Nanocrystals (OnUse, requested QL 1) | 304387 ZZZ (OnUse, requested QL 148)","No capture and no unique client-data inference"
"SPTR","item","222","3","304168 Box of Nanocrystals (OnUse, requested QL 1) | 304169 Box of Nanocrystals (OnUse, requested QL 1) | 304393 YYY (OnUse, requested QL 148)","No capture and no unique client-data inference"
"SRAD","item","1","1","280518 Wearable: MITAAR_BOSS (OnTerminate, requested QL 1)","No capture and no unique client-data inference"
"SRBE","item","2","1","286428 Box of Stuff (OnUse, requested QL 300) | 286428 Box of Stuff (OnUse, requested QL 275)","No capture and no unique client-data inference"
"SRBU","item","2","1","286428 Box of Stuff (OnUse, requested QL 300) | 286428 Box of Stuff (OnUse, requested QL 275)","No capture and no unique client-data inference"
"SRFX","item","14","14","303434 Temple Explorer Pack (OnUse, requested QL 60) | 303435 Biomare Explorer Pack (OnUse, requested QL 100) | 303436 Initial Outzone Explorer Pack (OnUse, requested QL 150)","No capture and no unique client-data inference"
"SRLA","item","4","2","286425 Box of Stuff (OnUse, requested QL 300) | 286425 Box of Stuff (OnUse, requested QL 275) | 286425 Box of Stuff (OnUse, requested QL 250)","No capture and no unique client-data inference"
"SRMY","item","14","14","303434 Temple Explorer Pack (OnUse, requested QL 60) | 303435 Biomare Explorer Pack (OnUse, requested QL 100) | 303436 Initial Outzone Explorer Pack (OnUse, requested QL 1)","No capture and no unique client-data inference"
"SRPA","item","1","1","270389 Gift Wrapped Striped Pajamas (OnUse, requested QL 1)","No capture and no unique client-data inference"
"SRPJ","item","1","1","270389 Gift Wrapped Striped Pajamas (OnUse, requested QL 1)","No capture and no unique client-data inference"
"SRPS","item","6","1","251960 Box of Security Passes - Biodome 2 (OnUse, requested QL 1) | 251960 Box of Security Passes - Biodome 2 (OnUse, requested QL 1) | 251960 Box of Security Passes - Biodome 2 (OnUse, requested QL 1)","No capture and no unique client-data inference"
"SRPT","item","2","2","304565 Sealed Prototype Ofab Weapons (OnUse, requested QL 1) | 304566 Sealed Prototype Ofab Weapons (OnUse, requested QL 220)","No capture and no unique client-data inference"
"SRSY","item","1","1","246887 Spirit Shroud of the Infantry Unit (OnUse, requested QL 200)","No capture and no unique client-data inference"
"SRTF","item","4","4","293457 Spawn Entvined vs Enigma Reward Item (OnTerminate, requested QL 41) | 293458 Spawn Entvined vs Enigma Reward Item (OnTerminate, requested QL 50) | 293516 Spawn Entvined vs Enigma Reward Item (OnTerminate, requested QL 41)","No capture and no unique client-data inference"
"SRTU","item","4","4","293322 Spawn Entvined vs Enigma Reward Item (OnTerminate, requested QL 2) | 293323 Spawn Entvined vs Enigma Reward Item (OnTerminate, requested QL 10) | 293508 Spawn Entvined vs Enigma Reward Item (OnTerminate, requested QL 2)","No capture and no unique client-data inference"
"SRVO","item","1","1","292909 Entrance Spawner (OnTerminate, requested QL 1)","No capture and no unique client-data inference"
"SS6B","item","50","1","305226 Box of Things and Garbage (OnUse, requested QL 183) | 305226 Box of Things and Garbage (OnUse, requested QL 182) | 305226 Box of Things and Garbage (OnUse, requested QL 181)","No capture and no unique client-data inference"
"SSBK","item","1","1","303267 Vacuum Packed Silencer Armor (OnUse, requested QL 1)","No capture and no unique client-data inference"
"SSID","item","2","2","303434 Temple Explorer Pack (OnUse, requested QL 60) | 304567 Temple Explorer Pack (OnUse, requested QL 60)","No capture and no unique client-data inference"
"SSMC","item","14","14","303434 Temple Explorer Pack (OnUse, requested QL 60) | 303435 Biomare Explorer Pack (OnUse, requested QL 100) | 303436 Initial Outzone Explorer Pack (OnUse, requested QL 150)","No capture and no unique client-data inference"
"SSMN","nano-only","1","1","283377 Solve Mission IFOS Nano (OnUse, requested QL 1)","No capture and no unique client-data inference"
"SSMO","item","1","1","294555 TESTLIVEITEM: Deluxe Box of Nanocrystals (OnUse, requested QL 1)","No capture and no unique client-data inference"
"SSMP","item","1","1","288073 Alien Distress Beacon (OnUseItemOn, requested QL 1)","No capture and no unique client-data inference"
"SSOO","item","1","1","270406 Gift Wrapped Footwear Assortment (OnUse, requested QL 1)","No capture and no unique client-data inference"
"SSPA","item","6","1","251975 Box of Security Passes - Research Dome 3 (OnUse, requested QL 1) | 251975 Box of Security Passes - Research Dome 3 (OnUse, requested QL 1) | 251975 Box of Security Passes - Research Dome 3 (OnUse, requested QL 1)","No capture and no unique client-data inference"
"SSPB","item","6","1","251958 Box of Security Passes - Biodome 3 (OnUse, requested QL 1) | 251958 Box of Security Passes - Biodome 3 (OnUse, requested QL 1) | 251958 Box of Security Passes - Biodome 3 (OnUse, requested QL 1)","No capture and no unique client-data inference"
"SSPH","item","6","1","251974 Box of Security Passes - Research Dome 2 (OnUse, requested QL 1) | 251974 Box of Security Passes - Research Dome 2 (OnUse, requested QL 1) | 251974 Box of Security Passes - Research Dome 2 (OnUse, requested QL 1)","No capture and no unique client-data inference"
"SSPR","item","6","1","251973 Box of Security Passes - Research Dome 1 (OnUse, requested QL 1) | 251973 Box of Security Passes - Research Dome 1 (OnUse, requested QL 1) | 251973 Box of Security Passes - Research Dome 1 (OnUse, requested QL 1)","No capture and no unique client-data inference"
"SSSG","item","1","1","270403 Gift Wrapped Ski Suit (OnUse, requested QL 1)","No capture and no unique client-data inference"
"STEF","item","1","1","294555 TESTLIVEITEM: Deluxe Box of Nanocrystals (OnUse, requested QL 1)","No capture and no unique client-data inference"
"STEG","item","1","1","294555 TESTLIVEITEM: Deluxe Box of Nanocrystals (OnUse, requested QL 1)","No capture and no unique client-data inference"
"STEN","item","2","2","289606 TESTLIVE ITEM: OFAB Armor Dispenser (OnUse, requested QL 300) | 289607 TESTLIVE ITEM: OFAB Armor Dispenser (OnUse, requested QL 300)","No capture and no unique client-data inference"
"STEO","item","2","2","289606 TESTLIVE ITEM: OFAB Armor Dispenser (OnUse, requested QL 300) | 289607 TESTLIVE ITEM: OFAB Armor Dispenser (OnUse, requested QL 300)","No capture and no unique client-data inference"
"STID","item","2","2","303436 Initial Outzone Explorer Pack (OnUse, requested QL 150) | 304569 Initial Outzone Explorer Pack (OnUse, requested QL 150)","No capture and no unique client-data inference"
"STIG","item","1","1","266351 Unattuned Stripped Izgimmer-modified Cyberdeck (OnUse, requested QL 200)","No capture and no unique client-data inference"
"STIZ","item","1","1","266351 Unattuned Stripped Izgimmer-modified Cyberdeck (OnUse, requested QL 200)","No capture and no unique client-data inference"
"STKE","item","1","1","294555 TESTLIVEITEM: Deluxe Box of Nanocrystals (OnUse, requested QL 1)","No capture and no unique client-data inference"
"STLA","item","3","1","286429 Box of Stuff (OnUse, requested QL 300) | 286429 Box of Stuff (OnUse, requested QL 275) | 286429 Box of Stuff (OnUse, requested QL 250)","No capture and no unique client-data inference"
"STOV","item","1","1","275554 Stack of Very Explosive Unicorn Ammunition (OnUse, requested QL 1)","No capture and no unique client-data inference"
"STPJ","item","1","1","270389 Gift Wrapped Striped Pajamas (OnUse, requested QL 1)","No capture and no unique client-data inference"
"STPM","item","1","1","270389 Gift Wrapped Striped Pajamas (OnUse, requested QL 1)","No capture and no unique client-data inference"
"STSV","item","1","1","270401 Gift Wrapped Slick Suit (OnUse, requested QL 1)","No capture and no unique client-data inference"
"STTI","nano-only","1","1","296138 A Shirt for You (OnUse, requested QL 1)","No capture and no unique client-data inference"
"STVE","item","1","1","270412 Gift Wrapped Top Assortment (OnUse, requested QL 1)","No capture and no unique client-data inference"
"STVK","item","1","1","248265 Soldier Nanoprogram Container (OnUse, requested QL 1)","Retail sniff required: normal versus damaged crystal"
"SUAG","item","14","14","303434 Temple Explorer Pack (OnUse, requested QL 60) | 303435 Biomare Explorer Pack (OnUse, requested QL 100) | 303436 Initial Outzone Explorer Pack (OnUse, requested QL 150)","No capture and no unique client-data inference"
"SUAV","item","14","14","303434 Temple Explorer Pack (OnUse, requested QL 60) | 303435 Biomare Explorer Pack (OnUse, requested QL 100) | 303436 Initial Outzone Explorer Pack (OnUse, requested QL 150)","No capture and no unique client-data inference"
"SUCA","item","1","1","286435 Box of Stuff (OnUse, requested QL 180)","No capture and no unique client-data inference"
"SUDC","item","14","14","303434 Temple Explorer Pack (OnUse, requested QL 60) | 303435 Biomare Explorer Pack (OnUse, requested QL 100) | 303436 Initial Outzone Explorer Pack (OnUse, requested QL 1)","No capture and no unique client-data inference"
"SUEC","nano-only","10","10","239739 Build Basic Spirit Tech Source Projector (OnUse, requested QL 5) | 239741 Build Twinked Basic Spirit Tech Source Projector (OnUse, requested QL 15) | 239743 Build Yuttos Upgraded Spirit Tech Source Projector (OnUse, requested QL 50)","No capture and no unique client-data inference"
"SUEG","item","14","14","303434 Temple Explorer Pack (OnUse, requested QL 60) | 303435 Biomare Explorer Pack (OnUse, requested QL 100) | 303436 Initial Outzone Explorer Pack (OnUse, requested QL 150)","No capture and no unique client-data inference"
"SUEN","item","14","14","303434 Temple Explorer Pack (OnUse, requested QL 60) | 303435 Biomare Explorer Pack (OnUse, requested QL 100) | 303436 Initial Outzone Explorer Pack (OnUse, requested QL 150)","No capture and no unique client-data inference"
"SULY","item","1","1","281129 Sunrise Luxury Residence Key (OnTerminate, requested QL 1)","No capture and no unique client-data inference"
"SUPS","item","6","1","251961 Box of Security Passes - Biodome 1 (OnUse, requested QL 1) | 251961 Box of Security Passes - Biodome 1 (OnUse, requested QL 1) | 251961 Box of Security Passes - Biodome 1 (OnUse, requested QL 1)","No capture and no unique client-data inference"
"SURF","item","1","1","236174 Sanguine Ring (OnUse, requested QL 1)","No capture and no unique client-data inference"
"SUSD","item","1","1","246892 Spirit Shroud of the Control Unit (OnUse, requested QL 200)","No capture and no unique client-data inference"
"SUTD","item","14","14","303434 Temple Explorer Pack (OnUse, requested QL 60) | 303435 Biomare Explorer Pack (OnUse, requested QL 100) | 303436 Initial Outzone Explorer Pack (OnUse, requested QL 150)","No capture and no unique client-data inference"
"SUWW","item","1","1","260659 Dormant Wen-Wen (OnUse, requested QL 205)","No capture and no unique client-data inference"
"SVCD","item","1","1","281347 Silver Card (OnTerminate, requested QL 1)","No capture and no unique client-data inference"
"SVIN","item","2","1","286426 Box of Stuff (OnUse, requested QL 300) | 286426 Box of Stuff (OnUse, requested QL 250)","No capture and no unique client-data inference"
"SVLJ","item","220","1","304380 ZZZ (OnUse, requested QL 148) | 304380 ZZZ (OnUse, requested QL 147) | 304380 ZZZ (OnUse, requested QL 146)","No capture and no unique client-data inference"
"SVMS","nano-only","1","1","281461 Solve Mission Playfield TTQT Nano (OnUse, requested QL 1)","No capture and no unique client-data inference"
"SVOT","item","1","1","270370 Gift Wrapped Outfit of the King (OnUse, requested QL 1)","No capture and no unique client-data inference"
"SWOW","nano-only","1","1","304938 Eat Pant (OnTerminate, requested QL 1)","No capture and no unique client-data inference"
"SWPA","item","1","1","284719 No Antleet Placard (OnUse, requested QL 1)","No capture and no unique client-data inference"
"SWSE","nano-only","1","1","224408 Summon Shadowweb Spinner MK III (OnUse, requested QL 1)","No capture and no unique client-data inference"
"SWSN","nano-only","1","1","224418 Summon Shadowweb Spinner MK VIII (OnUse, requested QL 1)","No capture and no unique client-data inference"
"SWSP","nano-only","1","1","224420 Summon Shadowweb Spinner MK IX (OnUse, requested QL 1)","No capture and no unique client-data inference"
"SZOZ","nano-only","1","1","273376 Creation: Shield of Zset (OnUse, requested QL 215)","No capture and no unique client-data inference"
"SZTI","nano-only","1","1","296052 A Shirt for You (OnUse, requested QL 1)","No capture and no unique client-data inference"
"T23O","item","1","1","303182 Gift of Palmiero (OnUse, requested QL 300)","No capture and no unique client-data inference"
"T8X1","item","4","4","295830 NPE Playfield Item (OnUse, requested QL 1) | 304365 Clans (OnEnter, requested QL 1) | 304366 Neutral (OnEnter, requested QL 1)","No capture and no unique client-data inference"
"TA1G","item","1","1","305232 Box of Things and Garbage (OnUse, requested QL 100)","No capture and no unique client-data inference"
"TAAB","item","1","1","258891 The Alphabet Shirt - K (OnUse, requested QL 1)","No capture and no unique client-data inference"
"TAAH","item","1","1","258885 The Alphabet Shirt - E (OnUse, requested QL 1)","No capture and no unique client-data inference"
"TAAS","item","1","1","258890 The Alphabet Shirt - J (OnUse, requested QL 1)","No capture and no unique client-data inference"
"TAAT","item","1","1","270402 Gift Wrapped Trapeze Artist Costume (OnUse, requested QL 1)","No capture and no unique client-data inference"
"TACT","item","3","3","289287 Sealed Catgirl Costume Generator - Limited (OnUse, requested QL 1) | 289288 Sealed Catgirl Costume Generator - Unlimited (OnUse, requested QL 1) | 296448 Sealed Catgirl Costume (OnUse, requested QL 1)","No capture and no unique client-data inference"
"TAHR","item","1","1","302048 Sealed Heart Breaker (OnUse, requested QL 1)","No capture and no unique client-data inference"
"TANA","item","1","1","302080 Sealed Profession Nanodeck (OnUse, requested QL 1)","No capture and no unique client-data inference"
"TANY","item","1","1","289246 Sealed Naughty List Bikini Set (OnUse, requested QL 1)","No capture and no unique client-data inference"
"TAPF","item","1","1","295200 Tester Placard - Bugs Are Evul! (OnUse, requested QL 1)","No capture and no unique client-data inference"
"TAPG","item","1","1","303443 Bundle of Opulence (OnUse, requested QL 1)","No capture and no unique client-data inference"
"TAPR","item","1","1","295211 Tester Placard - Yellow (OnUse, requested QL 1)","No capture and no unique client-data inference"
"TAPT","item","1","1","273043 TESTLIVEITEM: StarterPack (OnUse, requested QL 80)","No capture and no unique client-data inference"
"TAPU","item","1","1","295215 Tester Placard - This is My Spot! (OnUse, requested QL 1)","No capture and no unique client-data inference"
"TAPY","item","1","1","301784 Sealed Party Popper (OnUse, requested QL 1)","No capture and no unique client-data inference"
"TASH","item","2","2","239760 Box of Nanocrystals (OnUse, requested QL 300) | 239761 Box of Nanocrystals (OnUse, requested QL 1)","No capture and no unique client-data inference"
"TATJ","item","4","4","246233 Turn Spirit Flesh Pouch (OnUse, requested QL 100) | 246234 Turn Spirit Flesh Pouch (OnUse, requested QL 200) | 246235 Turn Spirit Flesh Pouch (OnUse, requested QL 250)","No capture and no unique client-data inference"
"TATP","item","1","1","270412 Gift Wrapped Top Assortment (OnUse, requested QL 1)","No capture and no unique client-data inference"
"TBAE","item","1","1","258901 The Alphabet Shirt - U (OnUse, requested QL 1)","No capture and no unique client-data inference"
"TBAT","item","1","1","258897 The Alphabet Shirt - Q (OnUse, requested QL 1)","No capture and no unique client-data inference"
"TCCI","item","3","3","289287 Sealed Catgirl Costume Generator - Limited (OnUse, requested QL 1) | 289288 Sealed Catgirl Costume Generator - Unlimited (OnUse, requested QL 1) | 296448 Sealed Catgirl Costume (OnUse, requested QL 1)","No capture and no unique client-data inference"
"TCEH","item","1","1","289156 The Emoticon Shirt - QQ (OnUse, requested QL 1)","No capture and no unique client-data inference"
"TCES","item","1","1","289152 The Emoticon Shirt - ROCK (OnUse, requested QL 1)","No capture and no unique client-data inference"
"TCPB","item","1","1","295201 Tester Placard - Found a Bug! (OnUse, requested QL 1)","No capture and no unique client-data inference"
"TCPD","item","1","1","295212 Tester Placard - I Love Testing! (OnUse, requested QL 1)","No capture and no unique client-data inference"
"TCPE","item","1","1","295222 Tester Placard - Zap! (OnUse, requested QL 1)","No capture and no unique client-data inference"
"TCPH","item","1","1","295217 Tester Placard - Save the Mechdogs! (OnUse, requested QL 1)","No capture and no unique client-data inference"
"TCPL","item","1","1","295214 Tester Placard - More Bugs Plx (OnUse, requested QL 1)","No capture and no unique client-data inference"
"TCPR","item","1","1","295205 Tester Placard - Remember to Insure! (OnUse, requested QL 1)","No capture and no unique client-data inference"
"TDBI","item","1","1","303433 Jumpstart Pack (OnUse, requested QL 1)","No capture and no unique client-data inference"
"TDBL","nano-only","1","1","302636 Aura of Lost Souls (OnUse, requested QL 1)","No capture and no unique client-data inference"
"TDGN","item","1","1","303439 Shadowlands Adventure Pack (OnUse, requested QL 1)","No capture and no unique client-data inference"
"TDLP","item","14","14","303434 Temple Explorer Pack (OnUse, requested QL 60) | 303435 Biomare Explorer Pack (OnUse, requested QL 100) | 303436 Initial Outzone Explorer Pack (OnUse, requested QL 150)","No capture and no unique client-data inference"
"TDMH","item","1","1","289163 Sealed Midnight Pumpkin Bikini Set (OnUse, requested QL 1)","No capture and no unique client-data inference"
"TDPH","item","1","1","295203 Tester Placard - gugu (OnUse, requested QL 1)","No capture and no unique client-data inference"
"TEAA","item","1","1","258888 The Alphabet Shirt - H (OnUse, requested QL 1)","No capture and no unique client-data inference"
"TEAL","item","1","1","294555 TESTLIVEITEM: Deluxe Box of Nanocrystals (OnUse, requested QL 10)","No capture and no unique client-data inference"
"TEAP","item","1","1","258881 The Alphabet Shirt - B (OnUse, requested QL 1)","No capture and no unique client-data inference"
"TEAT","item","1","1","258898 The Alphabet Shirt - R (OnUse, requested QL 1)","No capture and no unique client-data inference"
"TEEC","item","1","1","277874 The Emoticon Shirt - ROCK (OnUse, requested QL 1)","No capture and no unique client-data inference"
"TEEH","item","1","1","277877 The Emoticon Shirt - >:) (OnUse, requested QL 1)","No capture and no unique client-data inference"
"TEEI","item","1","1","277867 The Emoticon Shirt - :P (OnUse, requested QL 1)","No capture and no unique client-data inference"
"TEEM","item","1","1","277865 The Emoticon Shirt - >< (OnUse, requested QL 1)","No capture and no unique client-data inference"
"TEEO","item","1","1","277868 The Emoticon Shirt - ^^ (OnUse, requested QL 1)","No capture and no unique client-data inference"
"TEET","item","1","1","277869 The Emoticon Shirt - XD (OnUse, requested QL 1)","No capture and no unique client-data inference"
"TEKC","item","3","3","289638 Garden and Sanctuary Access (OnUse, requested QL 1) | 289640 Sanctuary Access (OnUse, requested QL 1) | 295109 Penumbra Sanctuary Access (OnUse, requested QL 1)","No capture and no unique client-data inference"
"TEKE","item","3","3","289638 Garden and Sanctuary Access (OnUse, requested QL 1) | 289639 Garden Access (OnUse, requested QL 1) | 295083 Penumbra Garden Access (OnUse, requested QL 1)","No capture and no unique client-data inference"
"TEKH","item","3","3","289638 Garden and Sanctuary Access (OnUse, requested QL 1) | 289639 Garden Access (OnUse, requested QL 1) | 295081 Scheol Garden Access (OnUse, requested QL 1)","No capture and no unique client-data inference"
"TEKY","item","3","3","289638 Garden and Sanctuary Access (OnUse, requested QL 1) | 289639 Garden Access (OnUse, requested QL 1) | 295084 Inferno Garden Access (OnUse, requested QL 1)","No capture and no unique client-data inference"
"TELP","item","1","1","303442 Leet Bundle (OnUse, requested QL 1)","No capture and no unique client-data inference"
"TELR","item","1","1","289390 The Logo Shirt - Yellow on White (OnUse, requested QL 1)","No capture and no unique client-data inference"
"TELS","item","1","1","289350 The Logo Shirt - Orange on White (OnUse, requested QL 1)","No capture and no unique client-data inference"
"TEPH","item","1","1","295209 Tester Placard - Pink (OnUse, requested QL 1)","No capture and no unique client-data inference"
"TEPU","item","1","1","301360 The Pink Mankini (OnUse, requested QL 1)","No capture and no unique client-data inference"
"TEPV","item","1","1","295220 Tester Placard - Use Social (OnUse, requested QL 1)","No capture and no unique client-data inference"
"TERD","item","1","1","301361 The Purple Mankini (OnUse, requested QL 1)","No capture and no unique client-data inference"
"TERR","item","1","1","295497 Lieutenant Death Loot Spawner (OnTerminate, requested QL 1)","No capture and no unique client-data inference"
"TERY","item","1","1","295497 Lieutenant Death Loot Spawner (OnTerminate, requested QL 1)","No capture and no unique client-data inference"
"TESY","item","1","1","303433 Jumpstart Pack (OnUse, requested QL 1)","No capture and no unique client-data inference"
"TFBG","item","1","1","303433 Jumpstart Pack (OnUse, requested QL 1)","No capture and no unique client-data inference"
"TGGM","item","1","1","301358 The Blue Mankini (OnUse, requested QL 1)","No capture and no unique client-data inference"
"TGLG","item","1","1","289348 The Logo Shirt - Blue on White (OnUse, requested QL 1)","No capture and no unique client-data inference"
"TGLI","item","1","1","289375 The Logo Shirt - Black on Black (OnUse, requested QL 1)","No capture and no unique client-data inference"
"TGLO","item","1","1","289344 The Logo Shirt - Red on Black (OnUse, requested QL 1)","No capture and no unique client-data inference"
"TGLS","item","1","1","289378 The Logo Shirt - Orange on Black (OnUse, requested QL 1)","No capture and no unique client-data inference"
"TGLT","item","1","1","289349 The Logo Shirt - Green on White (OnUse, requested QL 1)","No capture and no unique client-data inference"
"TGLY","item","1","1","289353 The Logo Shirt - Red on White (OnUse, requested QL 1)","No capture and no unique client-data inference"
"TGSQ","item","2","2","289606 TESTLIVE ITEM: OFAB Armor Dispenser (OnUse, requested QL 1) | 289607 TESTLIVE ITEM: OFAB Armor Dispenser (OnUse, requested QL 300)","No capture and no unique client-data inference"
"THAA","item","1","1","258889 The Alphabet Shirt - I (OnUse, requested QL 1)","No capture and no unique client-data inference"
"THAH","item","1","1","258884 The Alphabet Shirt - D (OnUse, requested QL 1)","No capture and no unique client-data inference"
"THAL","item","1","1","258906 The Alphabet Shirt - Z (OnUse, requested QL 1)","No capture and no unique client-data inference"
"THAP","item","1","1","258882 The Alphabet Shirt - A (OnUse, requested QL 1)","No capture and no unique client-data inference"
"THAS","item","1","1","137075 ARK Assistant Advisor program initiation (OnUse, requested QL 1)","No capture and no unique client-data inference"
"THAT","item","1","1","158586 The Art of Fletching (OnUse, requested QL 1)","No capture and no unique client-data inference"
"THBL","item","1","1","259741 The Black Grin - Pwned Version (OnUse, requested QL 1)","No capture and no unique client-data inference"
"THBM","item","1","1","301357 The Black Mankini (OnUse, requested QL 1)","No capture and no unique client-data inference"
"THCR","nano-only","1","1","154980 Creation: The Crotalus (OnUse, requested QL 45)","No capture and no unique client-data inference"
"THEC","item","1","1","277875 The Emoticon Shirt - Dance (OnUse, requested QL 1)","No capture and no unique client-data inference"
"THEM","item","1","1","277181 The Emoticon Shirt - =D (OnUse, requested QL 1)","No capture and no unique client-data inference"
"THEO","item","1","1","277866 The Emoticon Shirt - :) (OnUse, requested QL 1)","No capture and no unique client-data inference"
"THEX","item","1","1","286442 Box of Stuff (OnUse, requested QL 190)","No capture and no unique client-data inference"
"THF0","item","1","1","277878 The Emoticon Shirt - QQ (OnUse, requested QL 1)","No capture and no unique client-data inference"
"THFR","item","1","1","286425 Box of Stuff (OnUse, requested QL 300)","No capture and no unique client-data inference"
"THKE","item","3","3","289638 Garden and Sanctuary Access (OnUse, requested QL 1) | 289639 Garden Access (OnUse, requested QL 1) | 295079 Nascence Garden Access (OnUse, requested QL 1)","No capture and no unique client-data inference"
"THKO","item","3","3","289638 Garden and Sanctuary Access (OnUse, requested QL 1) | 289640 Sanctuary Access (OnUse, requested QL 1) | 295108 Adonis Sanctuary Access (OnUse, requested QL 1)","No capture and no unique client-data inference"
"THKY","item","3","3","289638 Garden and Sanctuary Access (OnUse, requested QL 1) | 289639 Garden Access (OnUse, requested QL 1) | 295082 Adonis Garden Access (OnUse, requested QL 1)","No capture and no unique client-data inference"
"THLG","item","1","1","289342 The Logo Shirt - Pink on Black (OnUse, requested QL 1)","No capture and no unique client-data inference"
"THLH","item","1","1","289386 The Logo Shirt - Orange on White (OnUse, requested QL 1)","No capture and no unique client-data inference"
"THLP","item","1","1","289387 The Logo Shirt - Pink on White (OnUse, requested QL 1)","No capture and no unique client-data inference"
"THLR","item","1","1","289388 The Logo Shirt - Purple on White (OnUse, requested QL 1)","No capture and no unique client-data inference"
"THLS","item","1","1","289352 The Logo Shirt - Purple on White (OnUse, requested QL 1)","No capture and no unique client-data inference"
"THPK","item","1","1","301359 The Green Mankini (OnUse, requested QL 1)","No capture and no unique client-data inference"
"THTH","item","1","1","286442 Box of Stuff (OnUse, requested QL 200)","No capture and no unique client-data inference"
"THTP","item","1","1","270417 Gift Wrapped Cloak Assortment #4 (OnUse, requested QL 1)","No capture and no unique client-data inference"
"THYE","item","1","1","301362 The Red Mankini (OnUse, requested QL 1)","No capture and no unique client-data inference"
"TIBC","item","2","1","296162 Pinnetti, Pinnetti, and Pinnetti Orientation Package (OnUse, requested QL 2) | 296162 Pinnetti, Pinnetti, and Pinnetti Orientation Package (OnUse, requested QL 1)","No capture and no unique client-data inference"
"TIBL","item","1","1","270406 Gift Wrapped Footwear Assortment (OnUse, requested QL 1)","No capture and no unique client-data inference"
"TIDR","item","1","1","297049 Romantic Flowers (OnUse, requested QL 1)","No capture and no unique client-data inference"
"TIEC","item","1","1","289153 The Emoticon Shirt - Dance (OnUse, requested QL 1)","No capture and no unique client-data inference"
"TIEI","item","1","1","289145 The Emoticon Shirt - <3 (OnUse, requested QL 1)","No capture and no unique client-data inference"
"TILS","item","1","1","289376 The Logo Shirt - Blue on Black (OnUse, requested QL 1)","No capture and no unique client-data inference"
"TIM2","item","1","1","286304 Folder Spawn Test Item (OnUse, requested QL 1)","No capture and no unique client-data inference"
"TIMG","item","1","1","289163 Sealed Midnight Pumpkin Bikini Set (OnUse, requested QL 1)","No capture and no unique client-data inference"
"TKBC","item","1","1","289107 The Black Grin (Replica) (OnUse, requested QL 1)","No capture and no unique client-data inference"
"TKDH","item","5","2","303742 Sealed Symbiant and Spirit Package (OnUse, requested QL 215) | 303742 Sealed Symbiant and Spirit Package (OnUse, requested QL 215) | 304005 Sealed Symbiant and Spirit Package (OnUse, requested QL 215)","No capture and no unique client-data inference"
"TKKE","item","3","3","289638 Garden and Sanctuary Access (OnUse, requested QL 1) | 289639 Garden Access (OnUse, requested QL 1) | 295082 Adonis Garden Access (OnUse, requested QL 1)","No capture and no unique client-data inference"
"TKKO","item","3","3","289638 Garden and Sanctuary Access (OnUse, requested QL 1) | 289639 Garden Access (OnUse, requested QL 1) | 295080 Elysium Garden Access (OnUse, requested QL 1)","No capture and no unique client-data inference"
"TKKT","item","3","3","289638 Garden and Sanctuary Access (OnUse, requested QL 1) | 289639 Garden Access (OnUse, requested QL 1) | 295081 Scheol Garden Access (OnUse, requested QL 1)","No capture and no unique client-data inference"
"TKKV","item","3","3","289638 Garden and Sanctuary Access (OnUse, requested QL 1) | 289640 Sanctuary Access (OnUse, requested QL 1) | 295109 Penumbra Sanctuary Access (OnUse, requested QL 1)","No capture and no unique client-data inference"
"TKKY","item","3","3","289638 Garden and Sanctuary Access (OnUse, requested QL 1) | 289639 Garden Access (OnUse, requested QL 1) | 295084 Inferno Garden Access (OnUse, requested QL 1)","No capture and no unique client-data inference"
"TLAA","item","1","1","258893 The Alphabet Shirt - M (OnUse, requested QL 1)","No capture and no unique client-data inference"
"TLAB","item","1","1","258896 The Alphabet Shirt - P (OnUse, requested QL 1)","No capture and no unique client-data inference"
"TLAE","item","1","1","258902 The Alphabet Shirt - V (OnUse, requested QL 1)","No capture and no unique client-data inference"
"TLAH","item","1","1","258886 The Alphabet Shirt - F (OnUse, requested QL 1)","No capture and no unique client-data inference"
"TLAP","item","1","1","258883 The Alphabet Shirt - C (OnUse, requested QL 1)","No capture and no unique client-data inference"
"TLAS","item","1","1","258892 The Alphabet Shirt - L (OnUse, requested QL 1)","No capture and no unique client-data inference"
"TLAT","item","1","1","258903 The Alphabet Shirt - W (OnUse, requested QL 1)","No capture and no unique client-data inference"
"TLBA","item","1","1","259721 The Black Grin (OnUse, requested QL 1)","No capture and no unique client-data inference"
"TLBC","item","1","1","289108 The Black Grin - Pwned Version (Replica) (OnUse, requested QL 1)","No capture and no unique client-data inference"
"TLBM","item","1","1","301342 The White Mankini (OnUse, requested QL 1)","No capture and no unique client-data inference"
"TLLG","item","1","1","289341 The Logo Shirt - Orange on Black (OnUse, requested QL 1)","No capture and no unique client-data inference"
"TLLH","item","1","1","289343 The Logo Shirt - Purple on Black (OnUse, requested QL 1)","No capture and no unique client-data inference"
"TLLI","item","1","1","289340 The Logo Shirt - Green on Black (OnUse, requested QL 1)","No capture and no unique client-data inference"
"TLLS","item","1","1","289322 The Logo Shirt - Black on Black (OnUse, requested QL 1)","No capture and no unique client-data inference"
"TLLT","item","1","1","289347 The Logo Shirt - Black on White (OnUse, requested QL 1)","No capture and no unique client-data inference"
"TLPH","item","1","1","295213 Tester Placard - MMOATP (OnUse, requested QL 1)","No capture and no unique client-data inference"
"TLPN","item","1","1","295208 Tester Placard - Orange (OnUse, requested QL 1)","No capture and no unique client-data inference"
"TLPR","item","1","1","295221 Tester Placard - Where's Auto? (OnUse, requested QL 1)","No capture and no unique client-data inference"
"TLPU","item","1","1","295219 Tester Placard - Sploits Are Evul (OnUse, requested QL 1)","No capture and no unique client-data inference"
"TLPZ","item","1","1","295204 Tester Placard - H.O.P.E. (OnUse, requested QL 1)","No capture and no unique client-data inference"
"TLRE","item","1","1","295497 Lieutenant Death Loot Spawner (OnTerminate, requested QL 1)","No capture and no unique client-data inference"
"TLRL","item","1","1","295497 Lieutenant Death Loot Spawner (OnTerminate, requested QL 1)","No capture and no unique client-data inference"
"TLRY","item","1","1","295497 Lieutenant Death Loot Spawner (OnTerminate, requested QL 1)","No capture and no unique client-data inference"
"TMC7","item","1","1","305232 Box of Things and Garbage (OnUse, requested QL 100)","No capture and no unique client-data inference"
"TMEC","item","1","1","277876 The Emoticon Shirt - 0:) (OnUse, requested QL 1)","No capture and no unique client-data inference"
"TMEH","item","1","1","277872 The Emoticon Shirt - :O (OnUse, requested QL 1)","No capture and no unique client-data inference"
"TMEI","item","1","1","277870 The Emoticon Shirt - :( (OnUse, requested QL 1)","No capture and no unique client-data inference"
"TMEM","item","1","1","289141 The Emoticon Shirt - XD (OnUse, requested QL 1)","No capture and no unique client-data inference"
"TMEN","item","1","1","289137 The Emoticon Shirt - >< (OnUse, requested QL 1)","No capture and no unique client-data inference"
"TMEO","item","1","1","289138 The Emoticon Shirt - :) (OnUse, requested QL 1)","No capture and no unique client-data inference"
"TMES","item","1","1","277871 The Emoticon Shirt - :| (OnUse, requested QL 1)","No capture and no unique client-data inference"
"TMET","item","1","1","289139 The Emoticon Shirt - :P (OnUse, requested QL 1)","No capture and no unique client-data inference"
"TMLI","item","1","1","296577 Temporary License Card (OnTerminate, requested QL 1)","No capture and no unique client-data inference"
"TMMK","item","1","1","301363 The Yellow Mankini (OnUse, requested QL 1)","No capture and no unique client-data inference"
"TNEF","item","1","1","283380 Rhat'Ata Gun (OnUse, requested QL 300)","No capture and no unique client-data inference"
"TNTO","item","1","1","270412 Gift Wrapped Top Assortment (OnUse, requested QL 1)","No capture and no unique client-data inference"
"TOEH","item","1","1","289136 The Emoticon Shirt - =D (OnUse, requested QL 1)","No capture and no unique client-data inference"
"TOEI","item","1","1","277873 The Emoticon Shirt - <3 (OnUse, requested QL 1)","No capture and no unique client-data inference"
"TOEN","item","1","1","289143 The Emoticon Shirt - :| (OnUse, requested QL 1)","No capture and no unique client-data inference"
"TOEO","item","1","1","289140 The Emoticon Shirt - ^^ (OnUse, requested QL 1)","No capture and no unique client-data inference"
"TOES","item","1","1","289154 The Emoticon Shirt - 0:) (OnUse, requested QL 1)","No capture and no unique client-data inference"
"TOET","item","1","1","289155 The Emoticon Shirt - >:) (OnUse, requested QL 1)","No capture and no unique client-data inference"
"TOKE","item","3","3","289638 Garden and Sanctuary Access (OnUse, requested QL 1) | 289639 Garden Access (OnUse, requested QL 1) | 295079 Nascence Garden Access (OnUse, requested QL 1)","No capture and no unique client-data inference"
"TOLG","item","1","1","289339 The Logo Shirt - Blue on Black (OnUse, requested QL 1)","No capture and no unique client-data inference"
"TOLH","item","1","1","289379 The Logo Shirt - Pink on Black (OnUse, requested QL 1)","No capture and no unique client-data inference"
"TOLR","item","1","1","289351 The Logo Shirt - Pink on White (OnUse, requested QL 1)","No capture and no unique client-data inference"
"TOLS","item","1","1","289377 The Logo Shirt - Green on Black (OnUse, requested QL 1)","No capture and no unique client-data inference"
"TOOR","item","1","1","270417 Gift Wrapped Cloak Assortment #4 (OnUse, requested QL 1)","No capture and no unique client-data inference"
"TOQW","nano-only","1","1","290078 A Shirt for You (OnUse, requested QL 1)","No capture and no unique client-data inference"
"TPAA","item","1","1","258895 The Alphabet Shirt - O (OnUse, requested QL 1)","No capture and no unique client-data inference"
"TPAB","item","1","1","258900 The Alphabet Shirt - T (OnUse, requested QL 1)","No capture and no unique client-data inference"
"TPAH","item","1","1","258887 The Alphabet Shirt - G (OnUse, requested QL 1)","No capture and no unique client-data inference"
"TPAI","item","1","1","258899 The Alphabet Shirt - S (OnUse, requested QL 1)","No capture and no unique client-data inference"
"TPAP","item","1","1","258894 The Alphabet Shirt - N (OnUse, requested QL 1)","No capture and no unique client-data inference"
"TPAR","item","1","1","270402 Gift Wrapped Trapeze Artist Costume (OnUse, requested QL 1)","No capture and no unique client-data inference"
"TPAT","item","2","2","258905 The Alphabet Shirt - Y (OnUse, requested QL 1) | 265487 Altitude Plate (OnUse, requested QL 1)","No capture and no unique client-data inference"
"TPLF","item","4","2","303461 Vacuum Packed Stripped Silencer Armor (OnUse, requested QL 1) | 303461 Vacuum Packed Stripped Silencer Armor (OnUse, requested QL 1) | 303462 Vacuum Packed Stripped Silencer Armor (OnUse, requested QL 220)","No capture and no unique client-data inference"
"TPPD","item","1","1","295202 Tester Placard - Gief Points! (OnUse, requested QL 1)","No capture and no unique client-data inference"
"TPPY","item","1","1","295210 Tester Placard - White (OnUse, requested QL 1)","No capture and no unique client-data inference"
"TPRO","item","1","1","295497 Lieutenant Death Loot Spawner (OnTerminate, requested QL 1)","No capture and no unique client-data inference"
"TPTO","item","1","1","270412 Gift Wrapped Top Assortment (OnUse, requested QL 1)","No capture and no unique client-data inference"
"TRAI","item","1","1","270402 Gift Wrapped Trapeze Artist Costume (OnUse, requested QL 1)","No capture and no unique client-data inference"
"TRAR","item","1","1","270402 Gift Wrapped Trapeze Artist Costume (OnUse, requested QL 1)","No capture and no unique client-data inference"
"TRAT","item","1","1","270402 Gift Wrapped Trapeze Artist Costume (OnUse, requested QL 1)","No capture and no unique client-data inference"
"TRIP","item","9","9","303740 Sealed Implant and Spirit Package (OnUse, requested QL 1) | 303741 Sealed Implant and Spirit Package (OnUse, requested QL 200) | 303742 Sealed Symbiant and Spirit Package (OnUse, requested QL 215)","No capture and no unique client-data inference"
"TRLI","item","1","1","273046 TESTLIVEITEM: StarterPack (OnUse, requested QL 200)","No capture and no unique client-data inference"
"TRPC","item","1","1","295199 Tester Placard - Boost Plx! (OnUse, requested QL 1)","No capture and no unique client-data inference"
"TRPV","item","1","1","295216 Tester Placard - Sassy FTW! (OnUse, requested QL 1)","No capture and no unique client-data inference"
"TSAL","item","1","1","294555 TESTLIVEITEM: Deluxe Box of Nanocrystals (OnUse, requested QL 10)","No capture and no unique client-data inference"
"TSBU","item","1","1","289637 TESTLIVEITEM: Testlive Token Dispenser (OnUse, requested QL 1)","No capture and no unique client-data inference"
"TSLB","item","1","1","289383 The Logo Shirt - Black on White (OnUse, requested QL 1)","No capture and no unique client-data inference"
"TSLH","item","1","1","289380 The Logo Shirt - Purple on Black (OnUse, requested QL 1)","No capture and no unique client-data inference"
"TSLI","item","1","1","289385 The Logo Shirt - Green on White (OnUse, requested QL 1)","No capture and no unique client-data inference"
"TSLR","item","1","1","289384 The Logo Shirt - Blue on White (OnUse, requested QL 1)","No capture and no unique client-data inference"
"TSLS","item","1","1","289345 The Logo Shirt - Yellow on Black (OnUse, requested QL 1)","No capture and no unique client-data inference"
"TSLT","item","1","1","289382 The Logo Shirt - Yellow on Black (OnUse, requested QL 1)","No capture and no unique client-data inference"
"TSLY","item","1","1","289381 The Logo Shirt - Red on Black (OnUse, requested QL 1)","No capture and no unique client-data inference"
"TSPT","item","1","1","304170 Box of Guns (OnUse, requested QL 1)","No capture and no unique client-data inference"
"TSSA","item","6","2","273041 TESTLIVEITEM: Spawn StarterPack (OnUse, requested QL 1) | 273042 TESTLIVEITEM: StarterPack (OnUse, requested QL 5) | 273042 TESTLIVEITEM: StarterPack (OnUse, requested QL 6)","No capture and no unique client-data inference"
"TSSB","item","1","1","245425 Tiny Spider Band (OnUse, requested QL 150)","No capture and no unique client-data inference"
"TSSS","item","1","1","270406 Gift Wrapped Footwear Assortment (OnUse, requested QL 1)","No capture and no unique client-data inference"
"TSTS","item","1","1","273043 TESTLIVEITEM: StarterPack (OnUse, requested QL 1)","No capture and no unique client-data inference"
"TTAS","item","1","1","258904 The Alphabet Shirt - X (OnUse, requested QL 1)","No capture and no unique client-data inference"
"TTCA","item","3","3","289287 Sealed Catgirl Costume Generator - Limited (OnUse, requested QL 1) | 289288 Sealed Catgirl Costume Generator - Unlimited (OnUse, requested QL 1) | 296448 Sealed Catgirl Costume (OnUse, requested QL 1)","No capture and no unique client-data inference"
"TTCG","item","3","3","289287 Sealed Catgirl Costume Generator - Limited (OnUse, requested QL 1) | 289288 Sealed Catgirl Costume Generator - Unlimited (OnUse, requested QL 1) | 296448 Sealed Catgirl Costume (OnUse, requested QL 1)","No capture and no unique client-data inference"
"TTCI","item","3","3","289287 Sealed Catgirl Costume Generator - Limited (OnUse, requested QL 1) | 289288 Sealed Catgirl Costume Generator - Unlimited (OnUse, requested QL 1) | 296448 Sealed Catgirl Costume (OnUse, requested QL 1)","No capture and no unique client-data inference"
"TTCR","item","3","3","289287 Sealed Catgirl Costume Generator - Limited (OnUse, requested QL 1) | 289288 Sealed Catgirl Costume Generator - Unlimited (OnUse, requested QL 1) | 296448 Sealed Catgirl Costume (OnUse, requested QL 1)","No capture and no unique client-data inference"
"TTEO","item","1","1","289142 The Emoticon Shirt - :( (OnUse, requested QL 1)","No capture and no unique client-data inference"
"TTES","item","1","1","289144 The Emoticon Shirt - :O (OnUse, requested QL 1)","No capture and no unique client-data inference"
"TTKL","item","3","3","289638 Garden and Sanctuary Access (OnUse, requested QL 1) | 289640 Sanctuary Access (OnUse, requested QL 1) | 295110 Inferno Sanctuary Access (OnUse, requested QL 1)","No capture and no unique client-data inference"
"TTKO","item","3","3","289638 Garden and Sanctuary Access (OnUse, requested QL 1) | 289640 Sanctuary Access (OnUse, requested QL 1) | 295107 Scheol Sanctuary Access (OnUse, requested QL 1)","No capture and no unique client-data inference"
"TTKR","item","3","3","289638 Garden and Sanctuary Access (OnUse, requested QL 1) | 289640 Sanctuary Access (OnUse, requested QL 1) | 295107 Scheol Sanctuary Access (OnUse, requested QL 1)","No capture and no unique client-data inference"
"TTKS","item","3","3","289638 Garden and Sanctuary Access (OnUse, requested QL 1) | 289640 Sanctuary Access (OnUse, requested QL 1) | 295106 Elysium Sanctuary Access (OnUse, requested QL 1)","No capture and no unique client-data inference"
"TTKT","item","3","3","289638 Garden and Sanctuary Access (OnUse, requested QL 1) | 289640 Sanctuary Access (OnUse, requested QL 1) | 295108 Adonis Sanctuary Access (OnUse, requested QL 1)","No capture and no unique client-data inference"
"TTPC","item","1","1","295206 Tester Placard - Known Issue (OnUse, requested QL 1)","No capture and no unique client-data inference"
"TTPD","item","1","1","295207 Tester Placard - Green (OnUse, requested QL 1)","No capture and no unique client-data inference"
"TTPR","item","1","1","295198 Tester Placard - Beware of Green Names (OnUse, requested QL 1)","No capture and no unique client-data inference"
"TUNH","item","1","1","289246 Sealed Naughty List Bikini Set (OnUse, requested QL 1)","No capture and no unique client-data inference"
"TUTI","nano-only","1","1","296125 A Shirt for You (OnUse, requested QL 1)","No capture and no unique client-data inference"
"TVOJ","item","1","1","288347 Placard - I Like Meat (OnUse, requested QL 1)","No capture and no unique client-data inference"
"TWPT","item","1","1","295218 Tester Placard - Save the Bugs! (OnUse, requested QL 1)","No capture and no unique client-data inference"
"TYKL","item","3","3","289638 Garden and Sanctuary Access (OnUse, requested QL 1) | 289640 Sanctuary Access (OnUse, requested QL 1) | 295110 Inferno Sanctuary Access (OnUse, requested QL 1)","No capture and no unique client-data inference"
"TYKO","item","3","3","289638 Garden and Sanctuary Access (OnUse, requested QL 1) | 289639 Garden Access (OnUse, requested QL 1) | 295080 Elysium Garden Access (OnUse, requested QL 1)","No capture and no unique client-data inference"
"TYKT","item","3","3","289638 Garden and Sanctuary Access (OnUse, requested QL 1) | 289639 Garden Access (OnUse, requested QL 1) | 295083 Penumbra Garden Access (OnUse, requested QL 1)","No capture and no unique client-data inference"
"TYKY","item","3","3","289638 Garden and Sanctuary Access (OnUse, requested QL 1) | 289640 Sanctuary Access (OnUse, requested QL 1) | 295106 Elysium Sanctuary Access (OnUse, requested QL 1)","No capture and no unique client-data inference"
"TYLY","item","1","1","289389 The Logo Shirt - Red on White (OnUse, requested QL 1)","No capture and no unique client-data inference"
"TYSD","item","1","1","245427 Tiny Spider Band (OnUse, requested QL 150)","No capture and no unique client-data inference"
"TYSI","item","1","1","245426 Tiny Spider Band (OnUse, requested QL 150)","No capture and no unique client-data inference"
"U224","item","1","1","305232 Box of Things and Garbage (OnUse, requested QL 160)","No capture and no unique client-data inference"
"UBMW","item","1","1","272325 Phasefront Phantom-Series Collection (OnUse, requested QL 100)","No capture and no unique client-data inference"
"UBSH","item","4","4","223566 Half Digested Human Torso (OnUse, requested QL 1) | 223567 Half Digested Human Torso (OnUse, requested QL 300) | 224046 Sanctified and Cleaned Human Torso (OnUse, requested QL 1)","No capture and no unique client-data inference"
"UCRA","nano-only","1","1","301702 XX_Exit (OnTerminate, requested QL 1)","No capture and no unique client-data inference"
"UEMD","item","2","2","304559 Vacuum Packed Crude Silencer Armor (OnUse, requested QL 1) | 304560 Vacuum Packed Crude Silencer Armor (OnUse, requested QL 220)","No capture and no unique client-data inference"
"UFDY","item","1","1","262811 Borealis Protest Placard - Free Borealis (OnUse, requested QL 1)","No capture and no unique client-data inference"
"UIDH","item","1","1","287453 kLoathing - Squares: Blue Shirt (Special Edition) (OnUse, requested QL 1)","No capture and no unique client-data inference"
"ULOF","item","2","2","289606 TESTLIVE ITEM: OFAB Armor Dispenser (OnUse, requested QL 300) | 289607 TESTLIVE ITEM: OFAB Armor Dispenser (OnUse, requested QL 300)","No capture and no unique client-data inference"
"UMIE","item","1","1","296692 Identification Card (OnTerminate, requested QL 1)","No capture and no unique client-data inference"
"UNCS","nano-only","9","9","229922 Boon of Ergo - Aban-Shere (OnUse, requested QL 25) | 229926 Boon of Ergo - Ocra-Bhotaar (OnUse, requested QL 50) | 229928 Boon of Ergo - Ocra-Thar (OnUse, requested QL 75)","No capture and no unique client-data inference"
"UNI3","item","20","1","305226 Box of Things and Garbage (OnUse, requested QL 229) | 305226 Box of Things and Garbage (OnUse, requested QL 230) | 305226 Box of Things and Garbage (OnUse, requested QL 226)","No capture and no unique client-data inference"
"UNID","item","1","1","296572 Unprogrammed Identification Chip (OnTerminate, requested QL 1)","No capture and no unique client-data inference"
"UNIS","nano-only","1","1","302711 Altar of Pain (OnUse, requested QL 1)","No capture and no unique client-data inference"
"UOSA","item","1","1","257455 Unicorn Portal Wearable (OnWear, requested QL 1)","No capture and no unique client-data inference"
"UP4Y","item","220","1","305235 Box of Things and Garbage (OnUse, requested QL 148) | 305235 Box of Things and Garbage (OnUse, requested QL 147) | 305235 Box of Things and Garbage (OnUse, requested QL 146)","No capture and no unique client-data inference"
"UPCR","nano-only","1","1","229942 Boon of Ergo - Enel-Xum (OnUse, requested QL 300)","No capture and no unique client-data inference"
"UPDN","item","1","1","296573 Unprogrammed DNA-Locking Device (OnTerminate, requested QL 1)","No capture and no unique client-data inference"
"URNO","item","1","1","292075 Urn (OnUse, requested QL 1)","No capture and no unique client-data inference"
"UTOF","item","2","2","289606 TESTLIVE ITEM: OFAB Armor Dispenser (OnUse, requested QL 300) | 289607 TESTLIVE ITEM: OFAB Armor Dispenser (OnUse, requested QL 300)","No capture and no unique client-data inference"
"UUDQ","item","1","1","262800 Borealis Protest Placard - Borealis = Neutral (OnUse, requested QL 1)","No capture and no unique client-data inference"
"UWL1","item","1","1","304954 Spoils of War (OnEnter, requested QL 1)","No capture and no unique client-data inference"
"UX7A","item","1","1","289643 TESTLIVE ITEM: Tier Armor Dispenser (OnUse, requested QL 100)","No capture and no unique client-data inference"
"UYR1","item","1","1","289645 TESTLIVE ITEM: Tier Armor Dispenser (OnUse, requested QL 220)","No capture and no unique client-data inference"
"V5EF","item","1","1","304955 Spoils of War (OnEnter, requested QL 1)","No capture and no unique client-data inference"
"V7FF","item","1","1","289644 TESTLIVE ITEM: Tier Armor Dispenser (OnUse, requested QL 160)","No capture and no unique client-data inference"
"V8VI","item","1","1","300766 Premium Lottery Ticket (OnUse, requested QL 300)","No capture and no unique client-data inference"
"VABL","item","1","1","288084 Viral Belt Component Platform (OnUse, requested QL 200)","No capture and no unique client-data inference"
"VACA","item","1","1","207034 Envelope with a Valentine's Card (OnUse, requested QL 1)","No capture and no unique client-data inference"
"VADU","item","1","1","303433 Jumpstart Pack (OnUse, requested QL 1)","No capture and no unique client-data inference"
"VALI","item","1","1","234923 Vanya's Beating Heart (OnTerminate, requested QL 1)","No capture and no unique client-data inference"
"VAPC","item","1","1","286238 Equipment Pack (OnUse, requested QL 1)","No capture and no unique client-data inference"
"VBCK","item","1","1","289643 TESTLIVE ITEM: Tier Armor Dispenser (OnUse, requested QL 100)","No capture and no unique client-data inference"
"VBUV","item","1","1","281348 Gold Card (OnTerminate, requested QL 1)","No capture and no unique client-data inference"
"VCPK","item","1","1","302501 Gift of the Desert Rider (OnUse, requested QL 1)","No capture and no unique client-data inference"
"VCPT","item","1","1","303443 Bundle of Opulence (OnUse, requested QL 1)","No capture and no unique client-data inference"
"VEEI","item","2","2","270414 Gift Wrapped Cloak Assortment #2 (OnUse, requested QL 1) | 270415 Gift Wrapped Cloak Assortment #3 (OnUse, requested QL 1)","No capture and no unique client-data inference"
"VETH","nano-only","1","1","289797 Vengeful Thrall Item Respawner (OnTerminate, requested QL 1)","No capture and no unique client-data inference"
"VFES","item","1","1","272321 Phasefront Wraith-Series Collection (OnUse, requested QL 1)","No capture and no unique client-data inference"
"VIBU","nano-only","1","1","154970 Creation: Vital Buckler (OnUse, requested QL 56)","No capture and no unique client-data inference"
"VIST","nano-only","1","1","154984 Creation: Viper Staff (OnUse, requested QL 63)","No capture and no unique client-data inference"
"VITI","item","2","1","273044 TESTLIVEITEM: StarterPack (OnUse, requested QL 190) | 273044 TESTLIVEITEM: StarterPack (OnUse, requested QL 190)","No capture and no unique client-data inference"
"VMAZ","item","1","1","289644 TESTLIVE ITEM: Tier Armor Dispenser (OnUse, requested QL 160)","No capture and no unique client-data inference"
"VMPD","item","7","7","303434 Temple Explorer Pack (OnUse, requested QL 60) | 303435 Biomare Explorer Pack (OnUse, requested QL 100) | 303436 Initial Outzone Explorer Pack (OnUse, requested QL 150)","No capture and no unique client-data inference"
"VMPE","item","1","1","303441 Hiisi Initiate Bundle (OnUse, requested QL 1)","No capture and no unique client-data inference"
"VMPR","item","7","7","304567 Temple Explorer Pack (OnUse, requested QL 60) | 304568 Biomare Explorer Pack (OnUse, requested QL 100) | 304569 Initial Outzone Explorer Pack (OnUse, requested QL 150)","No capture and no unique client-data inference"
"VMR8","item","1","1","289643 TESTLIVE ITEM: Tier Armor Dispenser (OnUse, requested QL 100)","No capture and no unique client-data inference"
"VNCX","item","2","2","289606 TESTLIVE ITEM: OFAB Armor Dispenser (OnUse, requested QL 1) | 289607 TESTLIVE ITEM: OFAB Armor Dispenser (OnUse, requested QL 300)","No capture and no unique client-data inference"
"VNST","item","1","1","289643 TESTLIVE ITEM: Tier Armor Dispenser (OnUse, requested QL 100)","No capture and no unique client-data inference"
"VPPK","item","1","1","303475 Rubi-Ka Colonist Bundle (OnUse, requested QL 1)","No capture and no unique client-data inference"
"VPPO","item","14","14","303434 Temple Explorer Pack (OnUse, requested QL 1) | 303435 Biomare Explorer Pack (OnUse, requested QL 1) | 303436 Initial Outzone Explorer Pack (OnUse, requested QL 1)","No capture and no unique client-data inference"
"VREO","item","1","1","281791 Birthday Placard - Duckie! (OnUse, requested QL 1)","No capture and no unique client-data inference"
"VRGH","item","1","1","303267 Vacuum Packed Silencer Armor (OnUse, requested QL 1)","No capture and no unique client-data inference"
"VRTT","item","1","1","286442 Box of Stuff (OnUse, requested QL 150)","No capture and no unique client-data inference"
"VTND","item","1","1","304170 Box of Guns (OnUse, requested QL 70)","No capture and no unique client-data inference"
"VXIT","item","1","1","268717 Shopping Bag (OnUse, requested QL 1)","No capture and no unique client-data inference"
"VYZR","item","2","2","301824 Nophex 3D Printer: Holiday Edition (OnUse, requested QL 1) | 301825 Nophex Mass Deluxe 3D Printing (OnUse, requested QL 1)","No capture and no unique client-data inference"
"W61L","item","1","1","304592 Loren Warr's Equipment Cache (OnUse, requested QL 1)","No capture and no unique client-data inference"
"W6UP","item","1","1","289645 TESTLIVE ITEM: Tier Armor Dispenser (OnUse, requested QL 220)","No capture and no unique client-data inference"
"WABR","nano-only","1","1","154975 Creation: Wave Breaker (OnUse, requested QL 125)","No capture and no unique client-data inference"
"WCTH","item","1","1","273029 Good Stockings of the North (OnUse, requested QL 1)","No capture and no unique client-data inference"
"WCTI","item","1","1","273027 Wicked Tights of the West (OnUse, requested QL 1)","No capture and no unique client-data inference"
"WCTS","item","1","1","289175 Wicked Tights of the West (Replica) (OnUse, requested QL 1)","No capture and no unique client-data inference"
"WCTT","item","1","1","289177 Good Stockings of the North (Replica) (OnUse, requested QL 1)","No capture and no unique client-data inference"
"WDTO","item","1","1","289643 TESTLIVE ITEM: Tier Armor Dispenser (OnUse, requested QL 100)","No capture and no unique client-data inference"
"WEDE","item","1","1","260659 Dormant Wen-Wen (OnUse, requested QL 205)","No capture and no unique client-data inference"
"WEOO","item","1","1","260659 Dormant Wen-Wen (OnUse, requested QL 205)","No capture and no unique client-data inference"
"WGAK","item","1","1","301770 Pack-a-way Christmas Tree (OnUse, requested QL 1)","No capture and no unique client-data inference"
"WHG0","item","1","1","289645 TESTLIVE ITEM: Tier Armor Dispenser (OnUse, requested QL 220)","No capture and no unique client-data inference"
"WHTH","item","1","1","290245 Grey Thong (OnUse, requested QL 1)","No capture and no unique client-data inference"
"WICR","item","1","1","281343 White Card (OnTerminate, requested QL 1)","No capture and no unique client-data inference"
"WIDA","item","1","1","268702 Wrist Datapad (OnUse, requested QL 1)","No capture and no unique client-data inference"
"WIDP","item","1","1","268703 Wrist Datapad (OnUse, requested QL 1)","No capture and no unique client-data inference"
"WIDT","item","1","1","268701 Wrist Datapad (OnUse, requested QL 1)","No capture and no unique client-data inference"
"WINO","nano-only","1","1","154982 Creation: Wixel's Notum Python (OnUse, requested QL 157)","No capture and no unique client-data inference"
"WJVU","item","1","1","303267 Vacuum Packed Silencer Armor (OnUse, requested QL 1)","No capture and no unique client-data inference"
"WKZE","item","1","1","281790 Birthday Placard - Gief Cake (OnUse, requested QL 1)","No capture and no unique client-data inference"
"WLTQ","item","1","1","259699 Hydnum Cerulean (OnUseItemOn, requested QL 1)","No capture and no unique client-data inference"
"WM3Z","item","121","1","305228 Box of Things and Garbage (OnUse, requested QL 180) | 305228 Box of Things and Garbage (OnUse, requested QL 181) | 305228 Box of Things and Garbage (OnUse, requested QL 182)","No capture and no unique client-data inference"
"WMJG","item","2","2","303461 Vacuum Packed Stripped Silencer Armor (OnUse, requested QL 1) | 303462 Vacuum Packed Stripped Silencer Armor (OnUse, requested QL 220)","No capture and no unique client-data inference"
"WMSR","nano-only","1","1","289794 Warming Shriek (OnTerminate, requested QL 1)","No capture and no unique client-data inference"
"WNIV","item","1","1","272321 Phasefront Wraith-Series Collection (OnUse, requested QL 1)","No capture and no unique client-data inference"
"WNLT","item","1","1","303442 Leet Bundle (OnUse, requested QL 1)","No capture and no unique client-data inference"
"WNOF","item","1","1","260659 Dormant Wen-Wen (OnUse, requested QL 205)","No capture and no unique client-data inference"
"WOPO","item","1","1","283494 Lifetime VIP Membership (OnUse, requested QL 1)","No capture and no unique client-data inference"
"WRCD","item","2","2","295830 NPE Playfield Item (OnUse, requested QL 1) | 302162 Damaged Sealed Worn Cyberdeck (OnUse, requested QL 1)","No capture and no unique client-data inference"
"WRDA","item","1","1","268706 Wrist Datapad (OnUse, requested QL 1)","No capture and no unique client-data inference"
"WRDT","item","1","1","268700 Wrist Datapad (OnUse, requested QL 1)","No capture and no unique client-data inference"
"WRPR","item","1","1","294144 Gift Wrapping Paper (OnUseItemOn, requested QL 1)","No capture and no unique client-data inference"
"WRRO","item","1","1","270416 Gift Wrapped Cloak Assortment #3 (OnUse, requested QL 1)","No capture and no unique client-data inference"
"WSDA","item","1","1","268704 Wrist Datapad (OnUse, requested QL 1)","No capture and no unique client-data inference"
"WSDD","item","1","1","268705 Wrist Datapad (OnUse, requested QL 1)","No capture and no unique client-data inference"
"WSTR","nano-only","1","1","296128 A Shirt for You (OnUse, requested QL 1)","No capture and no unique client-data inference"
"WVNQ","item","2","2","303461 Vacuum Packed Stripped Silencer Armor (OnUse, requested QL 1) | 303462 Vacuum Packed Stripped Silencer Armor (OnUse, requested QL 220)","No capture and no unique client-data inference"
"WVTK","nano-only","1","1","304940 Eat Pant (OnTerminate, requested QL 1)","No capture and no unique client-data inference"
"WW25","item","4","4","295830 NPE Playfield Item (OnUse, requested QL 1) | 304365 Clans (OnEnter, requested QL 1) | 304366 Neutral (OnEnter, requested QL 1)","No capture and no unique client-data inference"
"WYCE","item","2","2","295830 NPE Playfield Item (OnUse, requested QL 1) | 302162 Damaged Sealed Worn Cyberdeck (OnUse, requested QL 1)","No capture and no unique client-data inference"
"WYCR","item","2","2","295830 NPE Playfield Item (OnUse, requested QL 1) | 302162 Damaged Sealed Worn Cyberdeck (OnUse, requested QL 1)","No capture and no unique client-data inference"
"X535","item","1","1","305232 Box of Things and Garbage (OnUse, requested QL 100)","No capture and no unique client-data inference"
"X5OQ","item","1","1","304005 Sealed Symbiant and Spirit Package (OnUse, requested QL 215)","No capture and no unique client-data inference"
"XAAL","item","1","1","278941 Xan Alien Playfield Script Item Wearable (OnWear, requested QL 1)","No capture and no unique client-data inference"
"XAEA","item","1","1","279050 Xan Ear Symbiant, Support Unit Beta (OnUse, requested QL 300)","No capture and no unique client-data inference"
"XAER","item","1","1","278998 Xan Ear Symbiant, Support Unit Alpha (OnUse, requested QL 300)","No capture and no unique client-data inference"
"XAEY","item","1","1","279011 Xan Ear Symbiant, Control Unit Beta (OnUse, requested QL 300)","No capture and no unique client-data inference"
"XARI","item","1","1","265357 Xan Ritual Scepter (OnUse, requested QL 1)","No capture and no unique client-data inference"
"XATG","item","1","1","278968 Xan Thigh Symbiant, Control Unit Alpha (OnUse, requested QL 300)","No capture and no unique client-data inference"
"XATI","item","1","1","279007 Xan Thigh Symbiant, Support Unit Alpha (OnUse, requested QL 300)","No capture and no unique client-data inference"
"XBXE","item","2","2","257573 Vacuum Packed Santa Suit (OnUse, requested QL 1) | 289240 Vacuum Packed Santa Outfit (OnUse, requested QL 1)","No capture and no unique client-data inference"
"XEAE","item","1","1","279318 Xan Alien Playfield Script Item Wearable (OnWear, requested QL 1)","No capture and no unique client-data inference"
"XEAL","item","1","1","279314 Xan Alien Playfield Script Item Wearable (OnWear, requested QL 1)","No capture and no unique client-data inference"
"XEAP","item","1","1","279316 Xan Alien Playfield Script Item Wearable (OnWear, requested QL 1)","No capture and no unique client-data inference"
"XEEA","item","1","1","278972 Xan Ear Symbiant, Extermination Unit Alpha (OnUse, requested QL 300)","No capture and no unique client-data inference"
"XEER","item","1","1","278894 Xan Ear Symbiant, Artillery Unit Beta (OnUse, requested QL 300)","No capture and no unique client-data inference"
"XEEY","item","1","1","278985 Xan Ear Symbiant, Infantry Unit Alpha (OnUse, requested QL 300)","No capture and no unique client-data inference"
"XFNJ","item","2","2","289606 TESTLIVE ITEM: OFAB Armor Dispenser (OnUse, requested QL 1) | 289607 TESTLIVE ITEM: OFAB Armor Dispenser (OnUse, requested QL 300)","No capture and no unique client-data inference"
"XHTH","item","1","1","279033 Xan Thigh Symbiant, Extermination Unit Beta (OnUse, requested QL 300)","No capture and no unique client-data inference"
"XHTS","item","1","1","278994 Xan Thigh Symbiant, Infantry Unit Alpha (OnUse, requested QL 300)","No capture and no unique client-data inference"
"XITS","item","1","1","278981 Xan Thigh Symbiant, Extermination Unit Alpha (OnUse, requested QL 300)","No capture and no unique client-data inference"
"XNAN","item","1","1","279312 Xan Alien Playfield Script Item Wearable (OnWear, requested QL 1)","No capture and no unique client-data inference"
"XNAP","item","1","1","279320 Xan Alien Playfield Script Item Wearable (OnWear, requested QL 1)","No capture and no unique client-data inference"
"XNER","item","1","1","278946 Xan Ear Symbiant, Artillery Unit Alpha (OnUse, requested QL 300)","No capture and no unique client-data inference"
"XNEY","item","1","1","279037 Xan Ear Symbiant, Infantry Unit Beta (OnUse, requested QL 300)","No capture and no unique client-data inference"
"XNTG","item","1","1","278955 Xan Thigh Symbiant, Artillery Unit Alpha (OnUse, requested QL 300)","No capture and no unique client-data inference"
"XNTH","item","1","1","279059 Xan Thigh Symbiant, Support Unit Beta (OnUse, requested QL 300)","No capture and no unique client-data inference"
"XNTS","item","1","1","278903 Xan Thigh Symbiant, Artillery Unit Beta (OnUse, requested QL 300)","No capture and no unique client-data inference"
"XOOE","item","1","1","283379 Envy of the Xan (OnUse, requested QL 300)","No capture and no unique client-data inference"
"XRER","item","1","1","279024 Xan Ear Symbiant, Extermination Unit Beta (OnUse, requested QL 300)","No capture and no unique client-data inference"
"XRES","item","1","1","278959 Xan Ear Symbiant, Control Unit Alpha (OnUse, requested QL 300)","No capture and no unique client-data inference"
"XTTG","item","1","1","279046 Xan Thigh Symbiant, Infantry Unit Beta (OnUse, requested QL 300)","No capture and no unique client-data inference"
"XTTM","item","1","1","279020 Xan Thigh Symbiant, Control Unit Beta (OnUse, requested QL 300)","No capture and no unique client-data inference"
"XXPL","item","1","1","283494 Lifetime VIP Membership (OnUse, requested QL 1)","No capture and no unique client-data inference"
"YACL","item","1","1","302501 Gift of the Desert Rider (OnUse, requested QL 1)","No capture and no unique client-data inference"
"YAXL","item","2","2","258907 Yalmaha XL - 29478 Package (OnUse, requested QL 30) | 303433 Jumpstart Pack (OnUse, requested QL 30)","No capture and no unique client-data inference"
"YETA","item","1","1","270412 Gift Wrapped Top Assortment (OnUse, requested QL 1)","No capture and no unique client-data inference"
"YETH","item","1","1","290260 White Thong (OnUse, requested QL 1)","No capture and no unique client-data inference"
"YFDQ","item","2","2","287334 Addict Shirt - Black (OnUse, requested QL 1) | 289279 Addict Shirt - Black (OnUse, requested QL 1)","No capture and no unique client-data inference"
"YLFL","item","1","1","273250 Yellow Desert Orchid (OnUseItemOn, requested QL 1)","No capture and no unique client-data inference"
"YLKY","item","4","4","281288 Yellow Keycard Fragment - Right (OnUse, requested QL 1) | 281289 Yellow Keycard Fragment - Right (OnUse, requested QL 1) | 281290 Yellow Keycard Fragment - Right (OnUse, requested QL 1)","No capture and no unique client-data inference"
"YLPG","item","1","1","268710 Shopping Bag (OnUse, requested QL 1)","No capture and no unique client-data inference"
"YNJW","item","1","1","289354 The Logo Shirt - Yellow on White (OnUse, requested QL 1)","No capture and no unique client-data inference"
"YUIT","item","1","1","289398 Power Up (OnEnter, requested QL 1)","No capture and no unique client-data inference"
"YYYC","item","1","1","304386 ZZZ (OnUse, requested QL 1)","No capture and no unique client-data inference"
"YYYD","item","1","1","304386 ZZZ (OnUse, requested QL 1)","No capture and no unique client-data inference"
"YYYE","item","1","1","304386 ZZZ (OnUse, requested QL 1)","No capture and no unique client-data inference"
"YYYF","item","1","1","304386 ZZZ (OnUse, requested QL 1)","No capture and no unique client-data inference"
"YYYG","item","1","1","304386 ZZZ (OnUse, requested QL 1)","No capture and no unique client-data inference"
"YYYL","item","1","1","304386 ZZZ (OnUse, requested QL 1)","No capture and no unique client-data inference"
"YYYQ","item","1","1","304386 ZZZ (OnUse, requested QL 1)","No capture and no unique client-data inference"
"YYYR","item","1","1","304386 ZZZ (OnUse, requested QL 1)","No capture and no unique client-data inference"
"YYYT","item","1","1","304386 ZZZ (OnUse, requested QL 1)","No capture and no unique client-data inference"
"YYYW","item","1","1","304386 ZZZ (OnUse, requested QL 1)","No capture and no unique client-data inference"
"YYYY","item","1","1","304386 ZZZ (OnUse, requested QL 1)","No capture and no unique client-data inference"
"Z3GU","item","1","1","289645 TESTLIVE ITEM: Tier Armor Dispenser (OnUse, requested QL 220)","No capture and no unique client-data inference"
"Z3PI","item","1","1","304060 Gift of the Hollow Reaper (OnUse, requested QL 1)","No capture and no unique client-data inference"
"ZABE","item","1","1","268444 Zigball Banners - Galway Titans (OnUse, requested QL 1)","No capture and no unique client-data inference"
"ZABN","item","1","1","268443 Zigball Banners - Clondyke Galaxy (OnUse, requested QL 1)","No capture and no unique client-data inference"
"ZAPN","item","1","1","268590 Zigball Pennant - Galway Titans (OnUse, requested QL 1)","No capture and no unique client-data inference"
"ZBBA","item","1","1","268428 Zigball Banners - West Athen Chargers (OnUse, requested QL 1)","No capture and no unique client-data inference"
"ZBBN","item","1","1","268442 Zigball Banners - Tir Defenders (OnUse, requested QL 1)","No capture and no unique client-data inference"
"ZBBR","item","1","1","268446 Zigball Banners - Rome Red Raidas (OnUse, requested QL 1)","No capture and no unique client-data inference"
"ZBPA","item","1","1","268592 Zigball Pennant - Rome Red Raidas (OnUse, requested QL 1)","No capture and no unique client-data inference"
"ZBPE","item","1","1","268587 Zigball Pennant - 4 Holes Cogs (OnUse, requested QL 1)","No capture and no unique client-data inference"
"ZBPN","item","1","1","268588 Zigball Pennant - Tir Defenders (OnUse, requested QL 1)","No capture and no unique client-data inference"
"ZCB4","item","1","1","289643 TESTLIVE ITEM: Tier Armor Dispenser (OnUse, requested QL 100)","No capture and no unique client-data inference"
"ZDJC","item","1","1","289644 TESTLIVE ITEM: Tier Armor Dispenser (OnUse, requested QL 160)","No capture and no unique client-data inference"
"ZECA","item","1","1","305604 Vacuum Packed Zenith Commando Armor (OnUse, requested QL 1)","No capture and no unique client-data inference"
"ZECM","item","1","1","305604 Vacuum Packed Zenith Commando Armor (OnUse, requested QL 1)","No capture and no unique client-data inference"
"ZECO","item","1","1","305604 Vacuum Packed Zenith Commando Armor (OnUse, requested QL 1)","No capture and no unique client-data inference"
"ZERO","item","1","1","270416 Gift Wrapped Cloak Assortment #3 (OnUse, requested QL 1)","No capture and no unique client-data inference"
"ZGBA","item","1","1","268448 Zigball Banners - Newland Angry Trouts (OnUse, requested QL 1)","No capture and no unique client-data inference"
"ZGBN","item","1","1","268441 Zigball Banners - 4 Holes Cogs (OnUse, requested QL 1)","No capture and no unique client-data inference"
"ZGPA","item","1","1","268591 Zigball Pennant - Milky Way Monsters (OnUse, requested QL 1)","No capture and no unique client-data inference"
"ZGPE","item","1","1","268586 Zigball Pennant - Avalon Cleavers (OnUse, requested QL 1)","No capture and no unique client-data inference"
"ZGPN","item","1","1","268589 Zigball Pennant - Clondyke Galaxy (OnUse, requested QL 1)","No capture and no unique client-data inference"
"ZIBN","item","1","1","268440 Zigball Banners - Avalon Cleavers (OnUse, requested QL 1)","No capture and no unique client-data inference"
"ZICM","item","1","1","305604 Vacuum Packed Zenith Commando Armor (OnUse, requested QL 1)","No capture and no unique client-data inference"
"ZICO","item","2","1","305604 Vacuum Packed Zenith Commando Armor (OnUse, requested QL 1) | 305604 Vacuum Packed Zenith Commando Armor (OnUse, requested QL 1)","No capture and no unique client-data inference"
"ZIPE","item","1","1","268594 Zigball Pennant - Newland Angry Trouts (OnUse, requested QL 1)","No capture and no unique client-data inference"
"ZIPN","item","1","1","268585 Zigball Pennant - West Athen Chargers (OnUse, requested QL 1)","No capture and no unique client-data inference"
"ZJMJ","item","1","1","295831 Colonist Survival Pack (OnUse, requested QL 1)","No capture and no unique client-data inference"
"ZLBE","item","1","1","268445 Zigball Banners - Milky Way Monsters (OnUse, requested QL 1)","No capture and no unique client-data inference"
"ZLBN","item","1","1","268447 Zigball Banners - Stret West Explorers (OnUse, requested QL 1)","No capture and no unique client-data inference"
"ZLPN","item","1","1","268593 Zigball Pennant - Stret West Explorers (OnUse, requested QL 1)","No capture and no unique client-data inference"
"ZNCM","item","1","1","305604 Vacuum Packed Zenith Commando Armor (OnUse, requested QL 1)","No capture and no unique client-data inference"
"ZNCO","item","2","1","305604 Vacuum Packed Zenith Commando Armor (OnUse, requested QL 1) | 305604 Vacuum Packed Zenith Commando Armor (OnUse, requested QL 1)","No capture and no unique client-data inference"
"ZNMD","item","4","4","295830 NPE Playfield Item (OnUse, requested QL 1) | 304365 Clans (OnEnter, requested QL 1) | 304366 Neutral (OnEnter, requested QL 1)","No capture and no unique client-data inference"
"ZRUA","item","1","1","303267 Vacuum Packed Silencer Armor (OnUse, requested QL 1)","No capture and no unique client-data inference"
"ZTTE","item","1","1","283494 Lifetime VIP Membership (OnUse, requested QL 1)","No capture and no unique client-data inference"
"ZZFP","item","6","6","274211 Christmas Gift (OnUse, requested QL 1) | 285008 Christmas Gift (OnUse, requested QL 1) | 285013 Christmas Gift (OnUse, requested QL 1)","No capture and no unique client-data inference"
"ZZZM","item","1","1","304386 ZZZ (OnUse, requested QL 1)","No capture and no unique client-data inference"
"ZZZO","item","1","1","304386 ZZZ (OnUse, requested QL 1)","No capture and no unique client-data inference"
"ZZZP","item","1","1","304386 ZZZ (OnUse, requested QL 1)","No capture and no unique client-data inference"
